"","Begin_Date","Begin_Hour","fish_c","fish_p","fish_uk","minke_sw","mn_song","uk_c","uk_lr","uk_p","uk_uk","dol_w","Notes","SiteID"
"1",2020-09-09,0,0,0,0,NA,NA,NA,NA,NA,0,0,NA,"DNE"
"2",2020-09-09,1,0,0,0,NA,NA,NA,NA,NA,0,0,NA,"DNE"
"3",2020-09-09,2,0,0,0,NA,NA,NA,NA,NA,0,0,NA,"DNE"
"4",2020-09-09,3,0,0,0,NA,NA,NA,NA,NA,0,0,NA,"DNE"
"5",2020-09-09,4,0,0,0,NA,NA,NA,NA,NA,0,0,NA,"DNE"
"6",2020-09-09,5,0,0,0,NA,NA,NA,NA,NA,0,0,NA,"DNE"
"7",2020-09-09,6,0,0,0,NA,NA,NA,NA,NA,0,0,NA,"DNE"
"8",2020-09-09,7,0,0,0,NA,NA,NA,NA,NA,0,0,NA,"DNE"
"9",2020-09-09,8,0,0,0,NA,NA,NA,NA,NA,0,0,NA,"DNE"
"10",2020-09-09,9,0,0,0,NA,NA,NA,NA,NA,0,0,NA,"DNE"
"11",2020-09-09,10,0,0,0,NA,NA,NA,NA,NA,0,0,NA,"DNE"
"12",2020-09-09,11,0,0,0,0,1,0,0,0,2,0,"; mechanical?, fish?; boat motor","DNE"
"13",2020-09-09,12,0,0,0,0,1,0,0,0,3,1,"low clicks mn?; ; rusty metal; boat motor","DNE"
"14",2020-09-09,13,0,0,1,0,1,0,0,0,0,1,"low clicks mn?; ","DNE"
"15",2020-09-09,14,0,0,1,0,1,0,0,0,0,0,"low clicks mn?; ","DNE"
"16",2020-09-09,15,0,0,1,0,1,0,0,0,2,1,"low clicks mn?; ; metal tapping; scraping/tapping","DNE"
"17",2020-09-09,16,0,0,1,0,1,0,0,0,2,0,"low clicks mn?; ; machine whirring; metal tapping","DNE"
"18",2020-09-09,17,0,1,1,0,2,0,0,0,1,1,"low clicks mn?; ; ; ; low rattling","DNE"
"19",2020-09-09,18,0,1,0,0,1,0,0,0,2,0,"; ; low rattling; metal clanging","DNE"
"20",2020-09-09,19,0,1,0,0,1,0,0,0,1,0,"; ; lr","DNE"
"21",2020-09-09,20,0,1,0,0,1,0,0,0,2,0,"; ; lr; squeak prob mn","DNE"
"22",2020-09-09,21,1,0,0,0,1,0,0,0,1,0,"; ; chirp prob mn","DNE"
"23",2020-09-09,22,1,0,0,0,1,0,0,0,0,0,NA,"DNE"
"24",2020-09-09,23,0,0,0,0,1,0,0,0,1,0,"; creak","DNE"
"25",2020-09-10,0,0,0,0,0,1,0,0,0,1,0,"; lr","DNE"
"26",2020-09-10,1,0,0,0,0,1,0,0,0,1,0,"; lr","DNE"
"27",2020-09-10,2,0,0,0,0,1,0,0,0,0,0,NA,"DNE"
"28",2020-09-10,3,0,0,0,0,1,0,0,0,1,0,"; lr","DNE"
"29",2020-09-10,4,0,0,0,0,1,0,1,0,0,0,NA,"DNE"
"30",2020-09-10,5,0,0,0,0,2,0,1,0,1,0,"; ; ; lr","DNE"
"31",2020-09-10,6,0,0,0,0,1,0,0,0,1,0,"; lr","DNE"
"32",2020-09-10,7,0,0,0,0,1,0,0,0,1,0,"; lr","DNE"
"33",2020-09-10,8,0,0,0,0,1,0,0,0,1,0,"; lr","DNE"
"34",2020-09-10,9,0,0,0,0,1,0,0,0,2,0,"; lr; squeak mn?","DNE"
"35",2020-09-10,10,0,0,0,NA,NA,NA,NA,NA,0,0,NA,"DNE"
"36",2020-09-10,11,0,0,0,0,1,0,0,0,1,0,"; lr","DNE"
"37",2020-09-10,12,0,1,0,0,1,0,0,0,1,0,"; ; lr","DNE"
"38",2020-09-10,13,0,1,0,0,1,0,0,0,2,0,"; ; lr; metal clang","DNE"
"39",2020-09-10,14,0,0,0,0,1,0,0,0,1,0,"; lr","DNE"
"40",2020-09-10,15,0,1,0,0,1,0,0,0,1,0,"; ; lr","DNE"
"41",2020-09-10,16,1,1,0,0,1,0,0,0,1,0,"; ; ; lr","DNE"
"42",2020-09-10,17,1,1,0,0,2,0,0,0,2,0,"; lr; ; ; ; lr","DNE"
"43",2020-09-10,18,0,1,0,0,1,0,0,0,0,0,NA,"DNE"
"44",2020-09-10,19,0,0,0,0,1,0,0,0,1,0,"; lr","DNE"
"45",2020-09-10,20,0,0,0,0,1,0,0,0,1,0,"; lr","DNE"
"46",2020-09-10,21,1,0,0,0,1,0,0,0,1,0,"; ; lr","DNE"
"47",2020-09-10,22,1,0,0,0,1,0,0,0,0,0,NA,"DNE"
"48",2020-09-10,23,0,2,0,0,2,0,0,0,0,0,"; ; ; ","DNE"
"49",2020-09-11,0,0,0,0,0,1,0,0,0,0,0,NA,"DNE"
"50",2020-09-11,1,0,0,0,0,1,0,0,0,0,0,NA,"DNE"
"51",2020-09-11,2,0,0,0,0,1,0,0,0,1,0,"; lr","DNE"
"52",2020-09-11,3,0,0,0,0,1,0,0,0,1,0,"; lr","DNE"
"53",2020-09-11,4,0,1,0,0,1,0,0,0,2,0,"; ; lr; chittering mn?","DNE"
"54",2020-09-11,5,0,1,0,0,1,0,0,0,1,0,"; lr; ","DNE"
"55",2020-09-11,6,0,0,0,NA,NA,NA,NA,NA,0,0,NA,"DNE"
"56",2020-09-11,7,0,0,0,NA,NA,NA,NA,NA,0,0,NA,"DNE"
"57",2020-09-11,8,0,0,0,NA,NA,NA,NA,NA,0,0,NA,"DNE"
"58",2020-09-11,9,0,0,0,NA,NA,NA,NA,NA,0,0,NA,"DNE"
"59",2020-09-11,10,0,0,0,NA,NA,NA,NA,NA,0,0,NA,"DNE"
"60",2020-09-11,11,0,0,0,NA,NA,NA,NA,NA,0,0,NA,"DNE"
"61",2020-09-11,12,0,0,0,NA,NA,NA,NA,NA,0,0,NA,"DNE"
"62",2020-09-11,13,0,0,0,NA,NA,NA,NA,NA,0,0,NA,"DNE"
"63",2020-09-11,14,0,0,0,NA,NA,NA,NA,NA,0,0,NA,"DNE"
"64",2020-09-11,15,0,0,0,NA,NA,NA,NA,NA,0,0,NA,"DNE"
"65",2020-09-11,16,0,0,0,NA,NA,NA,NA,NA,0,0,NA,"DNE"
"66",2020-09-11,17,0,0,0,NA,NA,NA,NA,NA,0,0,NA,"DNE"
"67",2020-09-11,18,0,0,0,NA,NA,NA,NA,NA,0,0,NA,"DNE"
"68",2020-09-11,19,0,0,0,NA,NA,NA,NA,NA,0,0,NA,"DNE"
"69",2020-09-11,20,0,0,0,NA,NA,NA,NA,NA,0,0,NA,"DNE"
"70",2020-09-11,21,0,0,0,NA,NA,NA,NA,NA,0,0,NA,"DNE"
"71",2020-09-11,22,0,0,0,NA,NA,NA,NA,NA,0,0,NA,"DNE"
"72",2020-09-11,23,0,1,0,0,1,0,0,0,0,0,NA,"DNE"
"73",2020-09-12,0,0,1,0,0,1,0,0,0,0,0,NA,"DNE"
"74",2020-09-12,1,0,1,0,0,1,0,0,0,0,0,NA,"DNE"
"75",2020-09-12,2,0,1,0,0,1,0,0,0,0,0,NA,"DNE"
"76",2020-09-12,3,0,1,0,0,1,0,0,0,0,0,NA,"DNE"
"77",2020-09-12,4,0,1,0,0,1,0,0,0,0,0,NA,"DNE"
"78",2020-09-12,5,0,1,0,0,1,0,0,0,0,0,NA,"DNE"
"79",2020-09-12,6,0,1,0,0,1,0,0,0,0,0,NA,"DNE"
"80",2020-09-12,7,0,1,0,0,1,0,0,0,0,0,NA,"DNE"
"81",2020-09-12,8,0,1,0,0,1,0,0,0,0,0,NA,"DNE"
"82",2020-09-12,9,1,1,0,0,1,0,0,0,0,0,"; ; ","DNE"
"83",2020-09-12,10,0,1,0,0,1,0,0,0,0,0,NA,"DNE"
"84",2020-09-12,11,0,1,0,0,1,0,0,0,0,0,NA,"DNE"
"85",2020-09-12,12,1,1,0,0,1,0,0,0,1,0,"; ; vessel?; ","DNE"
"86",2020-09-12,13,0,1,0,0,1,0,0,0,0,0,NA,"DNE"
"87",2020-09-12,14,0,1,0,0,1,0,0,0,0,0,NA,"DNE"
"88",2020-09-12,15,0,1,0,0,1,0,0,0,0,0,NA,"DNE"
"89",2020-09-12,16,0,1,0,0,1,0,0,0,0,0,NA,"DNE"
"90",2020-09-12,17,0,1,0,0,1,0,0,0,0,0,NA,"DNE"
"91",2020-09-12,18,0,1,0,0,1,0,0,0,0,0,NA,"DNE"
"92",2020-09-12,19,0,1,0,0,1,0,0,0,0,0,NA,"DNE"
"93",2020-09-12,20,0,1,0,0,1,0,0,0,0,0,NA,"DNE"
"94",2020-09-12,21,1,1,0,0,1,0,0,0,0,0,"; ; ","DNE"
"95",2020-09-12,22,1,1,0,0,1,0,0,0,0,0,"; ; ","DNE"
"96",2020-09-12,23,0,1,0,0,1,0,0,0,0,0,NA,"DNE"
"97",2020-09-13,0,0,0,0,NA,NA,NA,NA,NA,0,0,NA,"DNE"
"98",2020-09-13,1,0,0,0,NA,NA,NA,NA,NA,0,0,NA,"DNE"
"99",2020-09-13,2,0,0,0,NA,NA,NA,NA,NA,0,0,NA,"DNE"
"100",2020-09-13,3,0,0,0,NA,NA,NA,NA,NA,0,0,NA,"DNE"
"101",2020-09-13,4,0,0,0,NA,NA,NA,NA,NA,0,0,NA,"DNE"
"102",2020-09-13,5,0,0,0,NA,NA,NA,NA,NA,0,0,NA,"DNE"
"103",2020-09-13,6,0,0,0,NA,NA,NA,NA,NA,0,0,NA,"DNE"
"104",2020-09-13,7,0,0,0,NA,NA,NA,NA,NA,0,0,NA,"DNE"
"105",2020-09-13,8,0,0,0,NA,NA,NA,NA,NA,0,0,NA,"DNE"
"106",2020-09-13,9,0,0,0,NA,NA,NA,NA,NA,0,0,NA,"DNE"
"107",2020-09-13,10,0,0,0,NA,NA,NA,NA,NA,0,0,NA,"DNE"
"108",2020-09-13,11,0,0,0,NA,NA,NA,NA,NA,0,0,NA,"DNE"
"109",2020-09-13,12,0,0,0,NA,NA,NA,NA,NA,0,0,NA,"DNE"
"110",2020-09-13,13,0,0,0,NA,NA,NA,NA,NA,0,0,NA,"DNE"
"111",2020-09-13,14,0,0,0,NA,NA,NA,NA,NA,0,0,NA,"DNE"
"112",2020-09-13,15,0,0,0,NA,NA,NA,NA,NA,0,0,NA,"DNE"
"113",2020-09-13,16,0,0,0,NA,NA,NA,NA,NA,0,0,NA,"DNE"
"114",2020-09-13,17,0,0,0,NA,NA,NA,NA,NA,0,0,NA,"DNE"
"115",2020-09-13,18,0,0,0,NA,NA,NA,NA,NA,0,0,NA,"DNE"
"116",2020-09-13,19,0,0,0,NA,NA,NA,NA,NA,0,0,NA,"DNE"
"117",2020-09-13,20,0,0,0,NA,NA,NA,NA,NA,0,0,NA,"DNE"
"118",2020-09-13,21,0,0,0,NA,NA,NA,NA,NA,0,0,NA,"DNE"
"119",2020-09-13,22,0,0,0,NA,NA,NA,NA,NA,0,0,NA,"DNE"
"120",2020-09-13,23,0,2,0,0,2,0,0,0,0,0,NA,"DNE"
"121",2020-09-14,0,0,2,0,0,2,0,0,0,0,0,NA,"DNE"
"122",2020-09-14,1,0,2,0,0,2,0,0,0,0,0,NA,"DNE"
"123",2020-09-14,2,0,2,0,0,2,0,0,0,0,0,NA,"DNE"
"124",2020-09-14,3,0,2,0,0,2,0,0,0,0,0,NA,"DNE"
"125",2020-09-14,4,0,2,0,0,2,0,0,0,0,0,NA,"DNE"
"126",2020-09-14,5,1,2,0,0,2,0,0,0,1,0,"; ; ; chittering","DNE"
"127",2020-09-14,6,0,2,0,0,2,0,0,0,1,0,"; ; chittering","DNE"
"128",2020-09-14,7,0,2,0,0,2,0,0,0,0,0,NA,"DNE"
"129",2020-09-14,8,0,2,0,0,2,0,0,0,0,0,NA,"DNE"
"130",2020-09-14,9,1,2,0,0,2,0,0,0,0,0,"; ; ","DNE"
"131",2020-09-14,10,0,2,0,0,2,0,0,0,0,0,NA,"DNE"
"132",2020-09-14,11,0,2,0,0,2,0,0,0,0,0,NA,"DNE"
"133",2020-09-14,12,0,2,0,0,2,0,0,0,0,0,NA,"DNE"
"134",2020-09-14,13,0,2,0,0,2,0,0,0,0,0,NA,"DNE"
"135",2020-09-14,14,0,2,0,0,2,0,0,0,0,0,NA,"DNE"
"136",2020-09-14,15,0,2,0,0,2,0,0,0,0,0,NA,"DNE"
"137",2020-09-14,16,0,2,0,0,2,0,0,0,5,0,"; ; call?; chittering; scratching; clicks; creaking/clicking","DNE"
"138",2020-09-14,17,0,2,0,0,2,0,0,0,1,0,"; ; chittering","DNE"
"139",2020-09-14,18,0,2,0,0,2,0,0,0,1,0,"; ; chittering","DNE"
"140",2020-09-14,19,0,2,0,0,2,0,0,0,1,0,"; ; chittering","DNE"
"141",2020-09-14,20,0,2,0,0,2,0,0,0,0,0,NA,"DNE"
"142",2020-09-14,21,3,2,0,0,2,0,0,0,0,0,"; ; ; ","DNE"
"143",2020-09-14,22,2,2,0,0,2,0,0,0,0,0,"; ; ","DNE"
"144",2020-09-14,23,1,4,0,0,4,0,0,0,1,0,"; ; ; ; ; ; ; possible bal","DNE"
"145",2020-09-15,0,1,2,0,0,2,0,0,0,2,0,"; ; ; possible bal; ; ; possible bal","DNE"
"146",2020-09-15,1,1,2,0,0,2,0,0,0,0,0,"; ; ; ; ","DNE"
"147",2020-09-15,2,1,2,0,0,2,0,0,0,1,0,"; ; ; ; ; possible bal","DNE"
"148",2020-09-15,3,1,2,0,0,2,0,0,0,2,0,"; ; chittering; ; ; ; lr fish?","DNE"
"149",2020-09-15,4,0,2,0,0,2,0,0,0,1,0,"; ; ; ; boat","DNE"
"150",2020-09-15,5,1,2,0,0,2,0,0,0,0,0,"; ; ; ; ","DNE"
"151",2020-09-15,6,1,2,0,0,2,0,0,0,0,0,"; ; ; ; ","DNE"
"152",2020-09-15,7,1,2,0,0,2,0,0,0,0,0,"; ; ; ; ","DNE"
"153",2020-09-15,8,1,1,0,0,2,0,0,0,1,0,"; ; ; ; lr fish?","DNE"
"154",2020-09-15,9,1,1,0,0,2,0,0,0,1,0,"; ; ; lr fish?; ","DNE"
"155",2020-09-15,10,1,2,0,0,2,0,0,0,2,0,"; ; slapping; ; ; ; possible bal","DNE"
"156",2020-09-15,11,1,2,0,0,2,0,0,0,1,0,"; slapping; ; ; ; ","DNE"
"157",2020-09-15,12,1,1,0,0,2,0,0,0,1,0,"; ; slapping; ; ","DNE"
"158",2020-09-15,13,1,1,0,0,2,0,0,0,2,0,"; ; ; chittering; ; ","DNE"
"159",2020-09-15,14,1,1,0,0,2,0,0,0,1,0,"; ; ; ; lr fish?","DNE"
"160",2020-09-15,15,1,2,0,0,2,0,0,0,1,0,"; ; ; ; ; lr fish?","DNE"
"161",2020-09-15,16,1,2,0,0,2,0,0,0,1,0,"; ; ; ; ; lr fish? bal?","DNE"
"162",2020-09-15,17,1,1,0,0,2,0,0,0,1,0,"; ; slapping; ; ","DNE"
"163",2020-09-15,18,1,1,0,0,2,0,0,0,2,0,"; ; slapping; ; ; possible bal","DNE"
"164",2020-09-15,19,1,1,0,0,2,0,0,0,2,0,"; ; chittering; ; ; lr fish?","DNE"
"165",2020-09-15,20,1,1,0,0,3,0,0,0,1,0,"; ; ; ; lr fish?; ","DNE"
"166",2020-09-15,21,3,1,0,0,2,0,0,0,0,0,"; ; ; ; ; ","DNE"
"167",2020-09-15,22,2,3,0,0,2,0,0,0,0,0,"; ; ; ; ; ; ","DNE"
"168",2020-09-15,23,0,2,0,0,2,0,0,0,0,0,"; ; ; ","DNE"
"169",2020-09-16,0,0,0,0,NA,NA,NA,NA,NA,0,0,NA,"DNE"
"170",2020-09-16,1,0,0,0,NA,NA,NA,NA,NA,0,0,NA,"DNE"
"171",2020-09-16,2,0,0,0,NA,NA,NA,NA,NA,0,0,NA,"DNE"
"172",2020-09-16,3,0,0,0,NA,NA,NA,NA,NA,0,0,NA,"DNE"
"173",2020-09-16,4,0,0,0,NA,NA,NA,NA,NA,0,0,NA,"DNE"
"174",2020-09-16,5,0,0,0,NA,NA,NA,NA,NA,0,0,NA,"DNE"
"175",2020-09-16,6,0,0,0,NA,NA,NA,NA,NA,0,0,NA,"DNE"
"176",2020-09-16,7,0,0,0,NA,NA,NA,NA,NA,0,0,NA,"DNE"
"177",2020-09-16,8,0,0,0,NA,NA,NA,NA,NA,0,0,NA,"DNE"
"178",2020-09-16,9,0,0,0,NA,NA,NA,NA,NA,0,0,NA,"DNE"
"179",2020-09-16,10,0,0,0,NA,NA,NA,NA,NA,0,0,NA,"DNE"
"180",2020-09-16,11,0,0,0,NA,NA,NA,NA,NA,0,0,NA,"DNE"
"181",2020-09-16,12,0,0,0,NA,NA,NA,NA,NA,0,0,NA,"DNE"
"182",2020-09-16,13,0,0,0,NA,NA,NA,NA,NA,0,0,NA,"DNE"
"183",2020-09-16,14,0,0,0,NA,NA,NA,NA,NA,0,0,NA,"DNE"
"184",2020-09-16,15,0,0,0,NA,NA,NA,NA,NA,0,0,NA,"DNE"
"185",2020-09-16,16,0,0,0,NA,NA,NA,NA,NA,0,0,NA,"DNE"
"186",2020-09-16,17,0,0,0,NA,NA,NA,NA,NA,0,0,NA,"DNE"
"187",2020-09-16,18,0,0,0,NA,NA,NA,NA,NA,0,0,NA,"DNE"
"188",2020-09-16,19,0,0,0,NA,NA,NA,NA,NA,0,0,NA,"DNE"
"189",2020-09-16,20,0,0,0,NA,NA,NA,NA,NA,0,0,NA,"DNE"
"190",2020-09-16,21,0,0,0,NA,NA,NA,NA,NA,0,0,NA,"DNE"
"191",2020-09-16,22,0,0,0,NA,NA,NA,NA,NA,0,0,NA,"DNE"
"192",2020-09-16,23,0,1,0,0,0,0,0,0,0,0,NA,"DNE"
"193",2020-09-17,0,0,1,0,0,1,0,0,0,1,0,"; ; possible bal?","DNE"
"194",2020-09-17,1,0,1,0,0,1,0,0,0,0,0,NA,"DNE"
"195",2020-09-17,2,0,1,0,0,1,0,0,0,1,0,"; ; lf fish?","DNE"
"196",2020-09-17,3,1,0,0,0,1,0,0,0,0,0,NA,"DNE"
"197",2020-09-17,4,0,1,0,0,1,0,0,0,0,0,NA,"DNE"
"198",2020-09-17,5,0,1,0,0,1,0,0,0,0,0,NA,"DNE"
"199",2020-09-17,6,0,1,0,0,1,0,0,0,0,0,NA,"DNE"
"200",2020-09-17,7,1,1,0,0,1,0,0,0,0,0,"; ; ","DNE"
"201",2020-09-17,8,1,1,0,0,1,0,0,0,0,0,"; ; ","DNE"
"202",2020-09-17,9,0,1,0,0,1,0,0,0,0,0,NA,"DNE"
"203",2020-09-17,10,1,0,0,0,1,0,0,0,0,0,NA,"DNE"
"204",2020-09-17,11,1,0,0,0,1,0,0,0,1,0,"; ; possible bal maybe fish?","DNE"
"205",2020-09-17,12,1,1,0,0,1,0,0,0,1,0,"; ; ; slapping","DNE"
"206",2020-09-17,13,1,0,0,0,1,0,0,0,0,0,NA,"DNE"
"207",2020-09-17,14,1,0,0,0,1,0,0,0,0,0,NA,"DNE"
"208",2020-09-17,15,1,0,0,0,1,0,0,0,0,0,NA,"DNE"
"209",2020-09-17,16,1,1,0,0,1,0,0,0,0,0,"; ; ","DNE"
"210",2020-09-17,17,1,1,0,0,1,0,0,0,1,0,"; ; ; bal? mn?","DNE"
"211",2020-09-17,18,1,1,0,0,1,0,0,0,2,0,"; ; bal? mn?; bal?; ","DNE"
"212",2020-09-17,19,1,1,0,0,1,0,0,0,0,0,"; ; ","DNE"
"213",2020-09-17,20,1,0,0,0,1,0,0,0,0,0,NA,"DNE"
"214",2020-09-17,21,1,0,0,0,1,0,0,0,0,0,NA,"DNE"
"215",2020-09-17,22,1,1,0,0,1,0,0,0,0,0,"; ; ","DNE"
"216",2020-09-17,23,0,2,0,0,2,0,0,0,0,0,"; ; ; ","DNE"
"217",2020-09-18,0,0,1,0,0,1,0,0,0,1,0,"possibly fish; ; possible bal?","DNE"
"218",2020-09-18,1,0,1,0,0,1,0,0,0,0,0,NA,"DNE"
"219",2020-09-18,2,0,1,0,0,1,0,0,0,0,0,NA,"DNE"
"220",2020-09-18,3,0,1,0,0,1,0,0,0,1,0,"; ; possibly fish","DNE"
"221",2020-09-18,4,0,1,0,0,1,0,0,0,1,0,"; ; possibly fish","DNE"
"222",2020-09-18,5,0,1,0,0,1,0,0,0,1,0,"; ; possibly fish","DNE"
"223",2020-09-18,6,0,1,0,0,1,0,0,0,0,0,NA,"DNE"
"224",2020-09-18,7,0,1,0,0,1,0,0,0,1,0,"; ; bal?","DNE"
"225",2020-09-18,8,0,1,0,0,1,0,0,0,1,0,"; ; possibly fish","DNE"
"226",2020-09-18,9,0,0,0,0,1,0,0,0,2,0,"; ; ","DNE"
"227",2020-09-18,10,0,0,0,0,1,0,0,0,1,0,"possibly fish; ","DNE"
"228",2020-09-18,11,0,1,0,0,1,0,0,0,1,0,"; possibly fish; ","DNE"
"229",2020-09-18,12,0,1,0,0,1,0,0,0,0,0,NA,"DNE"
"230",2020-09-18,13,0,1,0,0,1,0,0,0,0,0,NA,"DNE"
"231",2020-09-18,14,1,1,0,0,1,0,0,0,0,0,"; ; ","DNE"
"232",2020-09-18,15,1,0,0,0,1,0,0,0,0,0,NA,"DNE"
"233",2020-09-18,16,0,0,0,0,1,0,0,0,0,0,NA,"DNE"
"234",2020-09-18,17,0,0,0,0,1,0,0,0,1,0,"; possibly fish","DNE"
"235",2020-09-18,18,0,0,0,0,1,0,0,0,1,0,NA,"DNE"
"236",2020-09-18,19,1,0,0,0,1,0,0,0,0,0,NA,"DNE"
"237",2020-09-18,20,0,1,0,0,1,0,0,0,0,0,NA,"DNE"
"238",2020-09-18,21,1,0,0,0,1,0,0,0,0,0,NA,"DNE"
"239",2020-09-18,22,1,0,0,0,1,0,0,0,0,0,NA,"DNE"
"240",2020-09-18,23,0,1,0,0,2,0,0,0,1,0,"; ; ; ","DNE"
"241",2020-09-19,0,0,1,0,0,1,0,0,0,1,0,"; ; ","DNE"
"242",2020-09-19,1,0,0,0,1,1,0,0,0,2,0,"; minke? fish?; fish? possible bal?; possible","DNE"
"243",2020-09-19,2,0,1,0,0,1,0,0,0,1,0,"; ; bal? minke?","DNE"
"244",2020-09-19,3,0,0,0,0,1,0,0,0,1,0,NA,"DNE"
"245",2020-09-19,4,0,0,0,0,1,0,0,0,1,0,NA,"DNE"
"246",2020-09-19,5,0,0,0,0,1,0,0,0,1,0,NA,"DNE"
"247",2020-09-19,6,0,0,0,0,1,0,0,0,1,0,NA,"DNE"
"248",2020-09-19,7,0,1,1,0,1,0,0,0,1,0,"; ; ; minke? bal?","DNE"
"249",2020-09-19,8,1,1,0,0,1,0,0,0,1,0,"; ; possible bal or fish; ","DNE"
"250",2020-09-19,9,0,1,0,0,1,0,0,0,0,0,NA,"DNE"
"251",2020-09-19,10,0,0,0,0,1,0,0,0,1,0,NA,"DNE"
"252",2020-09-19,11,0,1,0,0,1,0,0,0,1,0,"; ; ","DNE"
"253",2020-09-19,12,1,2,0,0,1,0,0,0,1,0,"; ; ; ; ","DNE"
"254",2020-09-19,13,1,0,0,0,1,0,0,0,0,0,NA,"DNE"
"255",2020-09-19,14,1,1,0,0,1,0,0,0,0,0,"; ; ","DNE"
"256",2020-09-19,15,1,1,1,0,1,0,0,0,0,0,"; ; ; ","DNE"
"257",2020-09-19,16,0,1,0,0,1,0,0,0,1,0,"; ; ","DNE"
"258",2020-09-19,17,0,1,0,0,1,0,0,0,1,0,"; ; ","DNE"
"259",2020-09-19,18,0,1,0,0,1,0,0,0,1,0,"; ; ","DNE"
"260",2020-09-19,19,0,1,0,0,1,0,0,0,1,0,"; ; ","DNE"
"261",2020-09-19,20,0,1,0,0,1,0,0,0,1,0,"; ; fish? bal?","DNE"
"262",2020-09-19,21,0,1,0,0,1,0,0,0,1,0,"; ; ","DNE"
"263",2020-09-19,22,0,1,0,0,1,0,0,0,1,0,"; ; ","DNE"
"264",2020-09-19,23,0,0,0,0,1,0,0,0,2,0,"; ; ","DNE"
"265",2020-09-20,0,0,1,0,0,1,0,0,0,1,0,"; ; ","DNE"
"266",2020-09-20,1,0,1,0,0,1,0,0,0,1,0,"; ; ","DNE"
"267",2020-09-20,2,0,1,0,0,1,0,0,0,1,0,"; fish? bal?; ","DNE"
"268",2020-09-20,3,0,1,0,0,1,0,0,0,1,0,"; ; ","DNE"
"269",2020-09-20,4,0,0,0,0,1,0,0,0,1,0,NA,"DNE"
"270",2020-09-20,5,0,1,0,0,1,0,0,0,1,0,"; ; ","DNE"
"271",2020-09-20,6,0,0,0,0,1,0,0,0,1,0,NA,"DNE"
"272",2020-09-20,7,0,1,0,0,1,0,0,0,1,0,"; ; ","DNE"
"273",2020-09-20,8,0,1,0,0,1,0,0,0,2,0,"; ; potential mn or bal; minke?","DNE"
"274",2020-09-20,9,1,1,0,0,1,0,0,0,0,0,"; ; ","DNE"
"275",2020-09-20,10,0,1,0,0,1,0,0,0,1,0,"; ; ","DNE"
"276",2020-09-20,11,1,0,0,0,1,0,0,0,0,0,NA,"DNE"
"277",2020-09-20,12,0,0,0,0,1,0,0,0,1,0,NA,"DNE"
"278",2020-09-20,13,1,1,0,0,1,0,0,0,1,0,"; ; ; ","DNE"
"279",2020-09-20,14,1,1,0,0,1,0,0,0,0,0,"; ; ","DNE"
"280",2020-09-20,15,1,1,0,0,1,0,0,0,0,0,"; ; ","DNE"
"281",2020-09-20,16,0,1,0,0,1,0,0,0,1,0,"; ; ","DNE"
"282",2020-09-20,17,0,1,0,0,1,0,0,0,1,0,"; ; ","DNE"
"283",2020-09-20,18,0,1,0,0,1,0,0,0,1,0,"; ; ","DNE"
"284",2020-09-20,19,0,1,0,0,1,0,0,0,1,0,"; ; ","DNE"
"285",2020-09-20,20,0,1,0,0,1,0,0,0,0,0,NA,"DNE"
"286",2020-09-20,21,1,1,0,0,1,0,0,0,0,0,"; ; ","DNE"
"287",2020-09-20,22,1,0,0,0,1,0,0,0,1,0,"; ; ","DNE"
"288",2020-09-20,23,0,0,0,0,1,0,0,1,0,0,NA,"DNE"
"289",2020-09-21,0,0,0,0,0,1,0,0,0,1,0,NA,"DNE"
"290",2020-09-21,1,0,0,0,0,1,0,0,0,1,0,NA,"DNE"
"291",2020-09-21,2,0,0,0,0,1,0,0,1,0,0,NA,"DNE"
"292",2020-09-21,3,0,0,0,0,1,0,0,0,2,0,"; fish possible bal?; ","DNE"
"293",2020-09-21,4,0,0,0,0,1,0,0,0,1,0,NA,"DNE"
"294",2020-09-21,5,0,0,0,0,1,0,0,0,1,0,NA,"DNE"
"295",2020-09-21,6,0,0,0,0,1,0,0,0,1,0,NA,"DNE"
"296",2020-09-21,7,0,0,0,0,1,0,0,0,1,0,NA,"DNE"
"297",2020-09-21,8,0,1,0,0,1,0,0,0,1,0,"; ; ","DNE"
"298",2020-09-21,9,0,1,0,0,1,0,0,0,0,0,NA,"DNE"
"299",2020-09-21,10,0,1,0,0,1,0,0,0,1,0,"; ; ","DNE"
"300",2020-09-21,11,0,1,0,0,1,0,0,0,1,0,"; ; ","DNE"
"301",2020-09-21,12,0,1,0,0,1,0,0,0,1,0,"; ; ","DNE"
"302",2020-09-21,13,0,1,0,0,1,0,0,0,1,0,"; ; ","DNE"
"303",2020-09-21,14,1,1,0,0,1,0,0,0,2,0,"; ; bal?; bal?; ","DNE"
"304",2020-09-21,15,1,1,0,0,1,0,0,0,1,0,"; bal?; ; ","DNE"
"305",2020-09-21,16,1,1,0,0,2,0,0,0,0,0,"; ; ; ","DNE"
"306",2020-09-21,17,0,1,0,0,1,0,0,0,1,0,"; ; ","DNE"
"307",2020-09-21,18,0,0,0,0,1,0,0,0,1,0,NA,"DNE"
"308",2020-09-21,19,0,0,0,0,1,0,0,0,1,0,NA,"DNE"
"309",2020-09-21,20,0,1,0,0,1,0,0,0,1,0,"; ; ","DNE"
"310",2020-09-21,21,1,1,0,0,1,0,0,0,0,0,"; ; ","DNE"
"311",2020-09-21,22,1,1,0,0,1,0,0,0,0,0,"; ; ","DNE"
"312",2020-09-21,23,0,0,0,0,1,1,0,0,0,0,NA,"DNE"
"313",2020-09-22,0,0,0,0,0,1,0,0,0,1,0,NA,"DNE"
"314",2020-09-22,1,0,0,0,0,1,0,0,0,1,0,NA,"DNE"
"315",2020-09-22,2,0,0,0,0,1,0,0,0,1,0,NA,"DNE"
"316",2020-09-22,3,0,0,0,0,1,0,0,0,2,0,"; possible bal?; bal, minke?","DNE"
"317",2020-09-22,4,0,1,0,0,1,0,0,0,2,0,"; fish, possible bal; ; ","DNE"
"318",2020-09-22,5,0,0,0,0,1,0,0,0,1,0,NA,"DNE"
"319",2020-09-22,6,0,0,0,0,1,0,0,0,1,0,NA,"DNE"
"320",2020-09-22,7,0,0,0,0,1,0,0,0,1,0,NA,"DNE"
"321",2020-09-22,8,1,1,0,0,1,0,0,0,2,0,"; ; ; possible bal; ","DNE"
"322",2020-09-22,9,0,1,0,0,1,0,0,0,1,0,"; ; ","DNE"
"323",2020-09-22,10,0,1,0,0,1,0,0,0,0,0,NA,"DNE"
"324",2020-09-22,11,0,1,0,0,0,0,0,0,1,0,NA,"DNE"
"325",2020-09-22,12,0,1,0,0,2,0,0,0,1,0,"; ; ; ","DNE"
"326",2020-09-22,13,0,0,0,0,2,0,0,0,1,0,"; ; ","DNE"
"327",2020-09-22,14,1,1,0,0,0,0,0,0,1,0,"; ; ","DNE"
"328",2020-09-22,15,1,1,0,0,1,0,0,0,0,0,"; ; ","DNE"
"329",2020-09-22,16,1,1,0,0,1,0,0,0,1,0,"; ; possibly baleen; ","DNE"
"330",2020-09-22,17,1,1,0,0,1,0,0,0,0,0,"; ; ","DNE"
"331",2020-09-22,18,1,1,0,0,1,0,0,0,1,0,"; ; ; ","DNE"
"332",2020-09-22,19,0,0,0,0,1,0,0,0,1,0,NA,"DNE"
"333",2020-09-22,20,0,1,0,0,1,0,0,0,1,0,"; ; ","DNE"
"334",2020-09-22,21,1,1,0,0,1,0,0,0,0,0,"; ; ","DNE"
"335",2020-09-22,22,1,1,0,0,1,0,0,0,2,0,"; ; ; possible bal; bal","DNE"
"336",2020-09-22,23,1,0,0,0,1,0,0,0,0,0,NA,"DNE"
"337",2020-09-23,0,0,1,0,0,1,0,0,0,1,0,"; ; ","DNE"
"338",2020-09-23,1,0,1,0,0,1,0,0,0,1,0,"; ; ","DNE"
"339",2020-09-23,2,0,1,0,0,1,0,0,0,1,0,"; ; ","DNE"
"340",2020-09-23,3,1,0,0,0,1,0,0,0,1,0,"; fish?, possible bal; ","DNE"
"341",2020-09-23,4,0,1,0,0,1,0,0,0,2,0,"; bal?; ; minke?","DNE"
"342",2020-09-23,5,0,0,0,0,1,0,0,0,1,0,NA,"DNE"
"343",2020-09-23,6,0,0,0,0,1,0,0,0,1,0,NA,"DNE"
"344",2020-09-23,7,1,0,0,0,1,0,0,0,1,0,"; ; ","DNE"
"345",2020-09-23,8,1,0,0,0,1,0,0,0,1,0,"; ; ","DNE"
"346",2020-09-23,9,1,0,0,0,1,0,0,0,1,0,"; ; ","DNE"
"347",2020-09-23,10,0,2,0,0,1,0,0,0,2,0,"; ; low growling; ; possible bal?","DNE"
"348",2020-09-23,11,0,1,0,0,1,0,0,0,1,0,"; ; ","DNE"
"349",2020-09-23,12,0,1,0,0,1,0,0,0,0,0,NA,"DNE"
"350",2020-09-23,13,1,1,0,0,1,0,0,0,1,0,"; ; ; ","DNE"
"351",2020-09-23,14,1,1,0,0,1,0,0,0,0,0,"; ; ","DNE"
"352",2020-09-23,15,1,1,0,0,1,0,0,0,0,0,"; ; ","DNE"
"353",2020-09-23,16,1,1,0,0,1,0,0,0,0,0,"; ; ","DNE"
"354",2020-09-23,17,1,1,0,0,1,0,0,0,0,0,"; ; ","DNE"
"355",2020-09-23,18,0,1,0,0,1,0,0,0,0,0,NA,"DNE"
"356",2020-09-23,19,1,1,0,0,1,0,0,0,0,0,"; ; ","DNE"
"357",2020-09-23,20,1,0,0,0,1,0,0,0,0,0,NA,"DNE"
"358",2020-09-23,21,1,1,0,0,1,0,0,0,0,0,"; ; ","DNE"
"359",2020-09-23,22,1,1,0,0,1,0,0,0,1,0,"; ; ; tapping, anthropogenic?","DNE"
"360",2020-09-23,23,0,1,0,0,1,0,0,0,0,0,NA,"DNE"
"361",2020-09-24,0,1,1,0,0,1,0,0,0,0,0,"; ; ","DNE"
"362",2020-09-24,1,1,0,0,0,1,0,0,0,0,0,NA,"DNE"
"363",2020-09-24,2,0,1,0,0,1,0,0,0,0,0,NA,"DNE"
"364",2020-09-24,3,1,1,0,0,1,0,0,0,0,0,"; ; ","DNE"
"365",2020-09-24,4,1,0,0,0,1,0,0,0,1,0,"; bal?; ","DNE"
"366",2020-09-24,5,0,1,0,0,1,0,0,0,0,0,NA,"DNE"
"367",2020-09-24,6,0,1,0,0,1,0,0,0,1,0,"; ; ","DNE"
"368",2020-09-24,7,1,1,0,0,1,0,0,0,1,0,"; ; ; ","DNE"
"369",2020-09-24,8,1,1,0,0,1,0,0,0,1,0,"; ; ; anthropogenic","DNE"
"370",2020-09-24,9,1,0,0,0,1,0,0,0,0,0,NA,"DNE"
"371",2020-09-24,10,1,1,0,0,1,0,0,0,1,0,"; ; ; low pulse","DNE"
"372",2020-09-24,11,1,0,0,0,1,0,0,0,0,0,NA,"DNE"
"373",2020-09-24,12,1,0,0,0,0,0,0,0,0,0,NA,"DNE"
"374",2020-09-24,13,1,1,0,0,1,0,0,0,0,0,"; ; ","DNE"
"375",2020-09-24,14,1,0,0,0,1,0,0,0,0,0,NA,"DNE"
"376",2020-09-24,15,1,1,0,0,1,0,0,0,0,0,"; ; ","DNE"
"377",2020-09-24,16,1,1,0,0,1,0,0,0,1,0,"; ; ; low pulse","DNE"
"378",2020-09-24,17,1,1,0,0,1,0,0,0,0,0,"; ; ","DNE"
"379",2020-09-24,18,0,1,0,0,1,0,0,0,1,0,"; ; low pulse","DNE"
"380",2020-09-24,19,1,1,0,0,1,0,0,0,0,0,"; ; ","DNE"
"381",2020-09-24,20,1,1,0,0,1,0,0,0,0,0,"; ; ","DNE"
"382",2020-09-24,21,1,0,0,0,1,0,0,0,0,0,NA,"DNE"
"383",2020-09-24,22,1,1,0,0,1,0,0,0,0,0,"; ; ","DNE"
"384",2020-09-24,23,0,1,0,0,1,0,0,0,0,0,NA,"DNE"
"385",2020-09-25,0,0,1,0,0,1,0,0,0,0,0,NA,"DNE"
"386",2020-09-25,1,0,1,0,0,1,0,0,0,0,0,NA,"DNE"
"387",2020-09-25,2,0,1,0,0,1,0,0,0,0,0,NA,"DNE"
"388",2020-09-25,3,0,1,0,0,1,0,0,0,0,0,NA,"DNE"
"389",2020-09-25,4,0,1,0,0,1,0,0,0,0,0,NA,"DNE"
"390",2020-09-25,5,0,1,0,0,1,0,0,0,1,0,"; possible bal; ","DNE"
"391",2020-09-25,6,0,1,0,0,1,0,0,0,0,0,NA,"DNE"
"392",2020-09-25,7,1,1,0,0,1,0,0,0,0,0,"; ; ","DNE"
"393",2020-09-25,8,1,1,0,0,1,0,0,0,0,0,"; ; ","DNE"
"394",2020-09-25,9,1,1,0,0,1,0,0,0,0,0,"; ; ","DNE"
"395",2020-09-25,10,1,1,0,0,1,0,0,0,0,0,"; ; ","DNE"
"396",2020-09-25,11,1,1,0,0,1,0,0,0,0,0,"; ; ","DNE"
"397",2020-09-25,12,1,1,0,0,1,0,0,0,0,0,"; ; ","DNE"
"398",2020-09-25,13,1,1,0,0,1,0,0,0,0,0,"; ; ","DNE"
"399",2020-09-25,14,1,1,0,0,1,0,0,0,0,0,"; ; ","DNE"
"400",2020-09-25,15,1,1,0,0,1,0,0,0,0,0,"; ; ","DNE"
"401",2020-09-25,16,1,1,0,0,1,0,0,0,0,0,"; ; ","DNE"
"402",2020-09-25,17,1,1,0,0,1,0,0,0,2,0,"; ; ; possible bal; possible bal","DNE"
"403",2020-09-25,18,0,1,0,0,1,0,0,0,2,0,"; possible bal; ; possible bal","DNE"
"404",2020-09-25,19,1,1,0,0,1,0,0,0,1,0,"; possible bal; ; ","DNE"
"405",2020-09-25,20,1,1,0,0,1,0,0,0,0,0,"; ; ","DNE"
"406",2020-09-25,21,0,1,0,0,1,0,0,0,0,0,NA,"DNE"
"407",2020-09-25,22,0,1,0,0,1,0,0,0,0,0,NA,"DNE"
"408",2020-09-25,23,0,1,0,0,1,0,0,0,1,0,"; ; possible bal","DNE"
"409",2020-09-26,0,1,1,0,0,1,0,0,0,1,0,"; ; possible bal; ","DNE"
"410",2020-09-26,1,1,1,0,0,1,0,0,0,1,0,"bal?; ; ; ","DNE"
"411",2020-09-26,2,1,1,0,0,0,0,0,0,0,0,NA,"DNE"
"412",2020-09-26,3,0,1,0,0,1,0,0,0,3,0,"; mn?; ; bal?; bal?","DNE"
"413",2020-09-26,4,0,1,0,0,1,0,0,0,0,0,NA,"DNE"
"414",2020-09-26,5,0,1,0,0,1,0,0,0,0,0,NA,"DNE"
"415",2020-09-26,6,0,1,0,0,1,0,0,0,0,0,NA,"DNE"
"416",2020-09-26,7,0,1,0,0,1,0,0,0,0,0,NA,"DNE"
"417",2020-09-26,8,1,1,0,0,1,0,0,0,0,0,"; ; ","DNE"
"418",2020-09-26,9,1,1,0,0,1,0,0,0,0,0,"; ; ","DNE"
"419",2020-09-26,10,1,1,0,0,1,0,0,0,0,0,"; ; ","DNE"
"420",2020-09-26,11,1,1,0,0,1,0,0,0,0,0,"; ; ","DNE"
"421",2020-09-26,12,1,1,0,0,1,0,0,0,0,0,"; ; ","DNE"
"422",2020-09-26,13,1,1,0,0,1,0,0,0,1,0,"; ; bal? minke?; ","DNE"
"423",2020-09-26,14,1,1,0,0,1,0,0,0,1,0,"; ; ; possible bal","DNE"
"424",2020-09-26,15,1,1,0,0,1,0,0,0,0,0,"; ; ","DNE"
"425",2020-09-26,16,1,1,0,0,1,0,0,0,1,0,"; ; possible minke; ","DNE"
"426",2020-09-26,17,1,1,0,0,1,0,0,0,0,0,"; ; ","DNE"
"427",2020-09-26,18,1,1,0,0,1,0,0,0,0,0,"; ; ","DNE"
"428",2020-09-26,19,1,1,0,0,1,0,0,0,0,0,"; ; ","DNE"
"429",2020-09-26,20,1,1,0,0,1,0,0,0,0,0,"; ; ","DNE"
"430",2020-09-26,21,1,1,0,0,1,0,0,0,0,0,"; ; ","DNE"
"431",2020-09-26,22,1,1,0,0,1,0,0,0,0,0,"; ; ","DNE"
"432",2020-09-26,23,1,1,0,0,1,0,0,0,1,0,"; ; ; ","DNE"
"433",2020-09-27,0,1,1,0,0,1,0,0,0,0,0,"; ; ","DNE"
"434",2020-09-27,1,1,1,0,0,1,0,0,0,0,0,"; ; ","DNE"
"435",2020-09-27,2,1,1,0,0,1,0,0,0,1,0,"; ; possible bal; ","DNE"
"436",2020-09-27,3,1,1,0,0,1,0,0,0,0,0,"; ; ","DNE"
"437",2020-09-27,4,1,1,0,0,1,0,0,0,1,0,"; ; possible bal; ","DNE"
"438",2020-09-27,5,0,1,0,0,1,0,0,0,0,0,NA,"DNE"
"439",2020-09-27,6,0,1,0,0,1,0,0,0,0,0,NA,"DNE"
"440",2020-09-27,7,1,1,0,0,1,0,0,0,0,0,"; ; ","DNE"
"441",2020-09-27,8,1,1,0,0,1,0,0,0,0,0,"; ; ","DNE"
"442",2020-09-27,9,1,1,0,0,1,0,0,0,1,0,"; ; ; possible bal","DNE"
"443",2020-09-27,10,1,1,0,0,1,0,0,0,0,0,"; ; ","DNE"
"444",2020-09-27,11,1,1,0,0,1,0,0,0,0,0,"; ; ","DNE"
"445",2020-09-27,12,1,1,0,0,1,0,0,0,0,0,"; ; ","DNE"
"446",2020-09-27,13,1,1,0,0,1,0,0,0,1,0,"possible bal; ; ; ","DNE"
"447",2020-09-27,14,1,1,0,0,1,0,0,0,0,0,"; ; ","DNE"
"448",2020-09-27,15,1,1,0,0,1,0,0,0,0,0,"; ; ","DNE"
"449",2020-09-27,16,1,1,0,0,1,0,0,0,1,0,"; ; possible bal; ","DNE"
"450",2020-09-27,17,1,1,0,0,1,0,0,0,0,0,"; ; ","DNE"
"451",2020-09-27,18,1,1,0,0,1,0,0,0,0,0,"; ; ","DNE"
"452",2020-09-27,19,1,0,0,0,1,0,0,0,1,0,"; ; possible bal","DNE"
"453",2020-09-27,20,1,1,0,0,1,0,0,0,0,0,"; ; ","DNE"
"454",2020-09-27,21,1,0,0,0,1,0,0,0,0,0,NA,"DNE"
"455",2020-09-27,22,1,0,0,0,1,0,0,0,0,0,NA,"DNE"
"456",2020-09-27,23,1,1,0,0,1,0,0,0,0,0,"; ; ","DNE"
"457",2020-09-28,0,0,0,0,NA,NA,NA,NA,NA,0,0,NA,"DNE"
"458",2020-09-28,1,0,0,0,NA,NA,NA,NA,NA,0,0,NA,"DNE"
"459",2020-09-28,2,0,0,0,NA,NA,NA,NA,NA,0,0,NA,"DNE"
"460",2020-09-28,3,0,0,0,NA,NA,NA,NA,NA,0,0,NA,"DNE"
"461",2020-09-28,4,0,0,0,NA,NA,NA,NA,NA,0,0,NA,"DNE"
"462",2020-09-28,5,0,0,0,NA,NA,NA,NA,NA,0,0,NA,"DNE"
"463",2020-09-28,6,0,0,0,NA,NA,NA,NA,NA,0,0,NA,"DNE"
"464",2020-09-28,7,0,0,0,NA,NA,NA,NA,NA,0,0,NA,"DNE"
"465",2020-09-28,8,0,0,0,NA,NA,NA,NA,NA,0,0,NA,"DNE"
"466",2020-09-28,9,0,0,0,NA,NA,NA,NA,NA,0,0,NA,"DNE"
"467",2020-09-28,10,0,0,0,NA,NA,NA,NA,NA,0,0,NA,"DNE"
"468",2020-09-28,11,0,0,0,NA,NA,NA,NA,NA,0,0,NA,"DNE"
"469",2020-09-28,12,0,0,0,NA,NA,NA,NA,NA,0,0,NA,"DNE"
"470",2020-09-28,13,0,0,0,NA,NA,NA,NA,NA,0,0,NA,"DNE"
"471",2020-09-28,14,0,0,0,NA,NA,NA,NA,NA,0,0,NA,"DNE"
"472",2020-09-28,15,0,0,0,NA,NA,NA,NA,NA,0,0,NA,"DNE"
"473",2020-09-28,16,0,0,0,NA,NA,NA,NA,NA,0,0,NA,"DNE"
"474",2020-09-28,17,0,0,0,NA,NA,NA,NA,NA,0,0,NA,"DNE"
"475",2020-09-28,18,0,0,0,NA,NA,NA,NA,NA,0,0,NA,"DNE"
"476",2020-09-28,19,0,0,0,NA,NA,NA,NA,NA,0,0,NA,"DNE"
"477",2020-09-28,20,0,0,0,NA,NA,NA,NA,NA,0,0,NA,"DNE"
"478",2020-09-28,21,0,0,0,NA,NA,NA,NA,NA,0,0,NA,"DNE"
"479",2020-09-28,22,0,0,0,NA,NA,NA,NA,NA,0,0,NA,"DNE"
"480",2020-09-28,23,0,0,0,NA,NA,NA,NA,NA,0,0,NA,"DNE"
"481",2020-09-29,0,0,0,0,NA,NA,NA,NA,NA,0,0,NA,"DNE"
"482",2020-09-29,1,0,0,0,NA,NA,NA,NA,NA,0,0,NA,"DNE"
"483",2020-09-29,2,0,0,0,NA,NA,NA,NA,NA,0,0,NA,"DNE"
"484",2020-09-29,3,0,0,0,NA,NA,NA,NA,NA,0,0,NA,"DNE"
"485",2020-09-29,4,0,0,0,NA,NA,NA,NA,NA,0,0,NA,"DNE"
"486",2020-09-29,5,0,0,0,NA,NA,NA,NA,NA,0,0,NA,"DNE"
"487",2020-09-29,6,0,0,0,NA,NA,NA,NA,NA,0,0,NA,"DNE"
"488",2020-09-29,7,0,0,0,NA,NA,NA,NA,NA,0,0,NA,"DNE"
"489",2020-09-29,8,0,0,0,NA,NA,NA,NA,NA,0,0,NA,"DNE"
"490",2020-09-29,9,0,0,0,NA,NA,NA,NA,NA,0,0,NA,"DNE"
"491",2020-09-29,10,0,0,0,NA,NA,NA,NA,NA,0,0,NA,"DNE"
"492",2020-09-29,11,0,0,0,NA,NA,NA,NA,NA,0,0,NA,"DNE"
"493",2020-09-29,12,0,0,0,NA,NA,NA,NA,NA,0,0,NA,"DNE"
"494",2020-09-29,13,0,0,0,NA,NA,NA,NA,NA,0,0,NA,"DNE"
"495",2020-09-29,14,0,0,0,NA,NA,NA,NA,NA,0,0,NA,"DNE"
"496",2020-09-29,15,0,0,0,NA,NA,NA,NA,NA,0,0,NA,"DNE"
"497",2020-09-29,16,0,0,0,NA,NA,NA,NA,NA,0,0,NA,"DNE"
"498",2020-09-29,17,0,0,0,NA,NA,NA,NA,NA,0,0,NA,"DNE"
"499",2020-09-29,18,0,0,0,NA,NA,NA,NA,NA,0,0,NA,"DNE"
"500",2020-09-29,19,0,0,0,NA,NA,NA,NA,NA,0,0,NA,"DNE"
"501",2020-09-29,20,0,0,0,NA,NA,NA,NA,NA,0,0,NA,"DNE"
"502",2020-09-29,21,0,0,0,NA,NA,NA,NA,NA,0,0,NA,"DNE"
"503",2020-09-29,22,0,0,0,NA,NA,NA,NA,NA,0,0,NA,"DNE"
"504",2020-09-29,23,0,0,0,NA,NA,NA,NA,NA,0,0,NA,"DNE"
"505",2020-09-30,0,0,0,0,NA,NA,NA,NA,NA,0,0,NA,"DNE"
"506",2020-09-30,1,0,0,0,NA,NA,NA,NA,NA,0,0,NA,"DNE"
"507",2020-09-30,2,0,0,0,NA,NA,NA,NA,NA,0,0,NA,"DNE"
"508",2020-09-30,3,0,0,0,NA,NA,NA,NA,NA,0,0,NA,"DNE"
"509",2020-09-30,4,0,0,0,NA,NA,NA,NA,NA,0,0,NA,"DNE"
"510",2020-09-30,5,0,0,0,NA,NA,NA,NA,NA,0,0,NA,"DNE"
"511",2020-09-30,6,0,0,0,NA,NA,NA,NA,NA,0,0,NA,"DNE"
"512",2020-09-30,7,0,0,0,NA,NA,NA,NA,NA,0,0,NA,"DNE"
"513",2020-09-30,8,0,0,0,NA,NA,NA,NA,NA,0,0,NA,"DNE"
"514",2020-09-30,9,0,0,0,NA,NA,NA,NA,NA,0,0,NA,"DNE"
"515",2020-09-30,10,0,0,0,NA,NA,NA,NA,NA,0,0,NA,"DNE"
"516",2020-09-30,11,0,0,0,NA,NA,NA,NA,NA,0,0,NA,"DNE"
"517",2020-09-30,12,0,0,0,NA,NA,NA,NA,NA,0,0,NA,"DNE"
"518",2020-09-30,13,0,0,0,NA,NA,NA,NA,NA,0,0,NA,"DNE"
"519",2020-09-30,14,0,0,0,NA,NA,NA,NA,NA,0,0,NA,"DNE"
"520",2020-09-30,15,0,0,0,NA,NA,NA,NA,NA,0,0,NA,"DNE"
"521",2020-09-30,16,0,0,0,NA,NA,NA,NA,NA,0,0,NA,"DNE"
"522",2020-09-30,17,0,0,0,NA,NA,NA,NA,NA,0,0,NA,"DNE"
"523",2020-09-30,18,0,0,0,NA,NA,NA,NA,NA,0,0,NA,"DNE"
"524",2020-09-30,19,0,0,0,NA,NA,NA,NA,NA,0,0,NA,"DNE"
"525",2020-09-30,20,0,0,0,NA,NA,NA,NA,NA,0,0,NA,"DNE"
"526",2020-09-30,21,0,0,0,NA,NA,NA,NA,NA,0,0,NA,"DNE"
"527",2020-09-30,22,0,0,0,NA,NA,NA,NA,NA,0,0,NA,"DNE"
"528",2020-09-30,23,0,0,0,NA,NA,NA,NA,NA,0,0,NA,"DNE"
"529",2020-10-01,0,1,1,0,0,1,0,0,0,0,0,NA,"DNE"
"530",2020-10-01,1,1,1,0,0,1,0,0,0,0,0,NA,"DNE"
"531",2020-10-01,2,1,1,0,0,1,0,0,0,0,0,NA,"DNE"
"532",2020-10-01,3,1,1,0,0,1,0,0,0,0,0,NA,"DNE"
"533",2020-10-01,4,1,1,0,0,1,0,0,0,0,0,NA,"DNE"
"534",2020-10-01,5,1,0,0,0,1,0,0,0,0,0,NA,"DNE"
"535",2020-10-01,6,1,0,0,0,1,0,0,0,0,0,NA,"DNE"
"536",2020-10-01,7,1,0,0,0,1,0,0,0,0,0,NA,"DNE"
"537",2020-10-01,8,1,0,0,0,1,0,0,0,0,0,NA,"DNE"
"538",2020-10-01,9,1,0,0,0,1,0,0,0,0,0,NA,"DNE"
"539",2020-10-01,10,1,0,0,0,1,0,0,0,0,0,NA,"DNE"
"540",2020-10-01,11,1,0,0,0,1,0,0,0,0,0,NA,"DNE"
"541",2020-10-01,12,1,0,0,0,1,0,0,0,0,0,NA,"DNE"
"542",2020-10-01,13,1,0,0,0,1,0,0,0,0,0,NA,"DNE"
"543",2020-10-01,14,1,0,0,0,1,0,0,0,0,0,NA,"DNE"
"544",2020-10-01,15,1,1,0,0,1,0,0,0,0,0,"; ; ","DNE"
"545",2020-10-01,16,1,0,0,0,1,0,0,0,0,0,NA,"DNE"
"546",2020-10-01,17,2,0,0,0,1,0,0,0,0,0,"; ; ","DNE"
"547",2020-10-01,18,1,0,0,0,1,0,0,0,1,0,"; ; bal? air gun?","DNE"
"548",2020-10-01,19,1,1,0,0,1,0,0,0,0,0,"; ; ","DNE"
"549",2020-10-01,20,1,0,0,0,1,0,0,0,0,0,NA,"DNE"
"550",2020-10-01,21,1,0,0,0,1,0,0,0,0,0,NA,"DNE"
"551",2020-10-01,22,1,1,0,0,1,0,0,0,0,0,"; ; ","DNE"
"552",2020-10-01,23,1,0,0,0,1,0,0,0,0,0,NA,"DNE"
"553",2020-10-02,0,1,1,0,0,1,0,0,0,0,0,"; ; ","DNE"
"554",2020-10-02,1,1,0,0,0,1,0,0,0,0,0,NA,"DNE"
"555",2020-10-02,2,1,1,0,0,1,0,0,0,0,0,"; ; ","DNE"
"556",2020-10-02,3,1,0,0,0,1,0,0,0,0,0,NA,"DNE"
"557",2020-10-02,4,1,0,0,0,1,0,0,0,0,0,NA,"DNE"
"558",2020-10-02,5,1,1,0,0,1,0,0,0,1,0,"; ; ; ","DNE"
"559",2020-10-02,6,1,0,0,0,1,0,0,0,0,0,NA,"DNE"
"560",2020-10-02,7,1,0,0,0,1,0,0,0,1,0,"; possible bal; ","DNE"
"561",2020-10-02,8,1,0,0,0,1,0,0,0,0,0,NA,"DNE"
"562",2020-10-02,9,1,0,0,0,1,0,0,0,0,0,NA,"DNE"
"563",2020-10-02,10,1,0,0,0,1,0,0,0,0,0,NA,"DNE"
"564",2020-10-02,11,1,0,0,0,0,0,0,0,0,0,NA,"DNE"
"565",2020-10-02,12,1,0,0,0,0,0,0,0,0,0,NA,"DNE"
"566",2020-10-02,13,1,0,0,0,0,0,0,0,0,0,NA,"DNE"
"567",2020-10-02,14,1,0,0,0,1,0,0,0,0,0,NA,"DNE"
"568",2020-10-02,15,1,0,0,0,1,0,0,0,0,0,NA,"DNE"
"569",2020-10-02,16,1,1,0,0,1,0,0,0,0,0,"; ; ","DNE"
"570",2020-10-02,17,1,0,0,0,0,0,0,0,0,0,NA,"DNE"
"571",2020-10-02,18,1,0,0,0,0,0,0,0,0,0,NA,"DNE"
"572",2020-10-02,19,1,0,0,0,0,0,0,0,0,0,NA,"DNE"
"573",2020-10-02,20,1,1,0,0,0,0,0,0,0,0,NA,"DNE"
"574",2020-10-02,21,1,0,0,0,0,0,0,0,0,0,NA,"DNE"
"575",2020-10-02,22,1,0,0,0,1,0,0,0,1,0,"; ; ","DNE"
"576",2020-10-02,23,0,1,0,0,1,0,0,0,1,0,"; ; ","DNE"
"577",2020-10-03,0,0,1,0,0,1,0,0,0,0,0,NA,"DNE"
"578",2020-10-03,1,0,1,0,0,1,0,0,0,1,0,"; ; possible bal","DNE"
"579",2020-10-03,2,0,1,0,0,1,0,0,0,0,0,NA,"DNE"
"580",2020-10-03,3,1,1,0,0,1,0,0,0,0,0,"; ; ","DNE"
"581",2020-10-03,4,1,1,0,0,1,0,0,0,0,0,"; ; ","DNE"
"582",2020-10-03,5,1,0,0,0,1,0,0,0,0,0,NA,"DNE"
"583",2020-10-03,6,0,1,0,0,1,0,0,0,1,0,"; ; ","DNE"
"584",2020-10-03,7,1,2,0,0,0,0,0,0,2,0,"; possible bal; ; ; ","DNE"
"585",2020-10-03,8,1,1,0,0,0,0,0,0,0,0,NA,"DNE"
"586",2020-10-03,9,1,1,0,0,1,0,0,0,1,0,"; ; ; ","DNE"
"587",2020-10-03,10,1,1,0,0,1,0,0,0,0,0,"; ; ","DNE"
"588",2020-10-03,11,1,0,0,0,1,0,0,0,0,0,NA,"DNE"
"589",2020-10-03,12,1,0,0,0,1,0,0,0,0,0,NA,"DNE"
"590",2020-10-03,13,1,0,0,0,1,0,0,0,0,0,NA,"DNE"
"591",2020-10-03,14,1,0,0,0,1,0,0,0,0,0,NA,"DNE"
"592",2020-10-03,15,1,1,0,0,1,0,0,0,0,0,"; ; ","DNE"
"593",2020-10-03,16,1,0,0,0,1,0,0,0,0,0,NA,"DNE"
"594",2020-10-03,17,1,0,0,0,1,0,0,0,0,0,NA,"DNE"
"595",2020-10-03,18,1,0,0,0,1,0,0,0,0,0,NA,"DNE"
"596",2020-10-03,19,1,0,0,0,1,0,0,0,1,0,"; ; possible bal","DNE"
"597",2020-10-03,20,1,0,0,0,0,0,0,0,1,0,NA,"DNE"
"598",2020-10-03,21,1,0,0,0,1,0,0,0,0,0,NA,"DNE"
"599",2020-10-03,22,0,2,0,0,1,0,0,0,1,0,"; ; ; ","DNE"
"600",2020-10-03,23,0,0,0,0,1,0,0,0,1,0,NA,"DNE"
"601",2020-10-04,0,0,0,0,0,1,0,0,0,1,0,NA,"DNE"
"602",2020-10-04,1,0,1,0,0,1,0,0,0,0,0,NA,"DNE"
"603",2020-10-04,2,0,1,0,0,1,0,0,0,0,0,NA,"DNE"
"604",2020-10-04,3,0,2,0,0,2,0,0,0,1,0,"; ; ; ; ","DNE"
"605",2020-10-04,4,0,0,0,0,1,0,0,0,1,0,NA,"DNE"
"606",2020-10-04,5,0,1,0,0,1,0,0,0,1,0,"; ; ","DNE"
"607",2020-10-04,6,0,0,0,0,0,0,0,0,1,0,NA,"DNE"
"608",2020-10-04,7,0,1,0,0,0,0,0,0,1,0,NA,"DNE"
"609",2020-10-04,8,0,0,0,0,0,0,0,0,1,0,NA,"DNE"
"610",2020-10-04,9,0,1,0,0,0,0,0,0,0,0,NA,"DNE"
"611",2020-10-04,10,0,1,0,0,0,0,0,0,0,0,NA,"DNE"
"612",2020-10-04,11,0,1,0,0,0,0,0,0,0,0,NA,"DNE"
"613",2020-10-04,12,0,1,0,0,0,0,0,0,0,0,NA,"DNE"
"614",2020-10-04,13,0,1,0,0,1,0,0,0,0,0,NA,"DNE"
"615",2020-10-04,14,0,1,0,0,1,0,0,0,1,0,"; ; possible bal","DNE"
"616",2020-10-04,15,1,1,0,0,1,0,0,0,0,0,"; ; ","DNE"
"617",2020-10-04,16,1,1,0,0,1,0,0,0,0,0,"; ; ","DNE"
"618",2020-10-04,17,1,0,0,0,1,0,0,0,0,0,NA,"DNE"
"619",2020-10-04,18,1,0,0,0,1,0,0,0,0,0,NA,"DNE"
"620",2020-10-04,19,1,0,0,0,1,0,0,0,0,0,NA,"DNE"
"621",2020-10-04,20,1,0,0,0,1,0,0,0,0,0,NA,"DNE"
"622",2020-10-04,21,1,1,0,0,1,0,0,0,1,0,"; ; ; mn?","DNE"
"623",2020-10-04,22,1,0,0,0,1,0,0,0,0,0,NA,"DNE"
"624",2020-10-04,23,1,0,0,0,1,0,0,0,0,0,NA,"DNE"
"625",2020-10-05,0,0,0,0,0,1,0,0,0,1,0,NA,"DNE"
"626",2020-10-05,1,0,0,0,0,1,0,0,0,1,0,NA,"DNE"
"627",2020-10-05,2,0,0,0,0,1,0,0,0,2,0,"; ; possible bal","DNE"
"628",2020-10-05,3,0,1,0,0,1,0,0,0,1,0,"possible bal; ; ","DNE"
"629",2020-10-05,4,0,2,0,0,0,0,0,0,0,0,NA,"DNE"
"630",2020-10-05,5,0,0,0,0,1,0,0,0,0,0,NA,"DNE"
"631",2020-10-05,6,0,1,0,0,0,0,0,0,0,0,NA,"DNE"
"632",2020-10-05,7,0,0,0,0,0,0,0,0,1,0,NA,"DNE"
"633",2020-10-05,8,0,1,0,0,0,0,0,0,1,0,NA,"DNE"
"634",2020-10-05,9,0,1,0,0,0,0,0,0,1,0,NA,"DNE"
"635",2020-10-05,10,0,1,0,0,0,0,0,0,0,0,NA,"DNE"
"636",2020-10-05,11,0,1,0,0,0,0,0,0,1,0,NA,"DNE"
"637",2020-10-05,12,0,1,0,0,0,0,0,0,1,0,NA,"DNE"
"638",2020-10-05,13,0,1,0,0,0,0,0,0,1,0,NA,"DNE"
"639",2020-10-05,14,0,1,0,0,0,0,0,0,0,0,NA,"DNE"
"640",2020-10-05,15,0,1,0,0,0,0,0,0,0,0,NA,"DNE"
"641",2020-10-05,16,0,1,0,0,0,0,0,0,0,0,NA,"DNE"
"642",2020-10-05,17,0,1,0,0,0,0,0,0,0,0,NA,"DNE"
"643",2020-10-05,18,0,1,0,0,0,0,0,0,0,0,NA,"DNE"
"644",2020-10-05,19,0,1,0,0,0,0,0,0,1,0,NA,"DNE"
"645",2020-10-05,20,0,1,0,0,0,0,0,0,1,0,NA,"DNE"
"646",2020-10-05,21,0,1,0,0,1,0,0,0,0,0,NA,"DNE"
"647",2020-10-05,22,1,1,0,0,1,0,0,0,1,0,"; ; possible bal; ","DNE"
"648",2020-10-05,23,1,0,0,0,1,0,0,0,0,0,NA,"DNE"
"649",2020-10-06,0,0,0,0,0,1,0,0,0,0,0,NA,"DNE"
"650",2020-10-06,1,0,0,0,0,1,0,0,0,0,0,NA,"DNE"
"651",2020-10-06,2,0,0,0,0,1,0,0,0,0,0,NA,"DNE"
"652",2020-10-06,3,0,1,0,0,1,0,0,0,0,0,NA,"DNE"
"653",2020-10-06,4,0,1,0,0,0,0,0,0,0,0,NA,"DNE"
"654",2020-10-06,5,0,1,0,0,1,0,0,0,1,0,"possibly fish; ; ","DNE"
"655",2020-10-06,6,0,0,0,0,0,0,0,0,1,0,NA,"DNE"
"656",2020-10-06,7,1,0,0,0,1,0,0,0,0,0,NA,"DNE"
"657",2020-10-06,8,0,1,0,0,1,0,0,0,1,0,NA,"DNE"
"658",2020-10-06,9,0,1,0,0,0,0,0,0,1,0,NA,"DNE"
"659",2020-10-06,10,0,1,0,0,0,0,0,0,0,0,NA,"DNE"
"660",2020-10-06,11,0,1,0,0,0,0,0,0,0,0,NA,"DNE"
"661",2020-10-06,12,0,1,0,0,0,0,0,0,1,0,NA,"DNE"
"662",2020-10-06,13,0,1,0,0,0,0,0,0,1,0,NA,"DNE"
"663",2020-10-06,14,0,1,0,0,1,0,0,0,0,0,NA,"DNE"
"664",2020-10-06,15,1,1,0,0,0,0,0,0,0,0,NA,"DNE"
"665",2020-10-06,16,1,1,0,0,0,0,0,0,0,0,NA,"DNE"
"666",2020-10-06,17,1,1,0,0,0,0,0,0,0,0,NA,"DNE"
"667",2020-10-06,18,1,1,0,0,1,0,0,0,0,0,NA,"DNE"
"668",2020-10-06,19,1,1,0,0,1,0,0,0,1,0,NA,"DNE"
"669",2020-10-06,20,0,0,1,0,1,1,0,0,0,0,NA,"DNE"
"670",2020-10-06,21,1,1,0,0,1,0,0,0,0,0,NA,"DNE"
"671",2020-10-06,22,1,1,0,0,0,0,0,0,0,0,NA,"DNE"
"672",2020-10-06,23,1,1,0,0,1,0,0,0,0,0,NA,"DNE"
"673",2020-10-07,0,1,1,0,0,1,0,0,0,0,0,NA,"DNE"
"674",2020-10-07,1,0,1,0,0,1,0,0,0,1,0,NA,"DNE"
"675",2020-10-07,2,0,1,0,0,1,0,0,0,1,0,NA,"DNE"
"676",2020-10-07,3,0,1,0,0,1,0,0,0,0,0,NA,"DNE"
"677",2020-10-07,4,0,1,0,0,1,0,0,0,0,0,NA,"DNE"
"678",2020-10-07,5,0,1,0,0,1,0,0,0,0,0,NA,"DNE"
"679",2020-10-07,6,0,1,0,0,0,0,0,0,1,0,NA,"DNE"
"680",2020-10-07,7,0,1,0,0,0,0,0,0,1,0,NA,"DNE"
"681",2020-10-07,8,0,1,0,0,0,0,0,0,1,0,NA,"DNE"
"682",2020-10-07,9,0,1,0,0,0,0,0,0,0,0,NA,"DNE"
"683",2020-10-07,10,1,1,0,0,0,0,0,0,0,0,NA,"DNE"
"684",2020-10-07,11,0,1,0,0,0,0,0,0,0,0,NA,"DNE"
"685",2020-10-07,12,0,1,0,0,1,0,0,0,1,0,"; ; ","DNE"
"686",2020-10-07,13,0,1,0,0,1,0,0,0,1,0,"; ; ","DNE"
"687",2020-10-07,14,1,1,0,0,0,0,0,0,1,0,"; ; ","DNE"
"688",2020-10-07,15,1,1,0,0,0,0,0,0,1,0,"; ; possible bal","DNE"
"689",2020-10-07,16,1,1,0,0,0,0,0,0,2,0,"; ; bal; lf pulse","DNE"
"690",2020-10-07,17,1,1,0,0,0,0,0,0,1,0,"; ; bal","DNE"
"691",2020-10-07,18,1,1,0,0,1,0,0,0,0,0,"; ; ","DNE"
"692",2020-10-07,19,0,1,0,0,0,0,0,0,1,0,NA,"DNE"
"693",2020-10-07,20,1,1,0,0,0,0,0,0,1,0,"; ; ","DNE"
"694",2020-10-07,21,1,1,0,0,0,0,0,0,0,0,NA,"DNE"
"695",2020-10-07,22,1,1,0,0,0,0,0,0,1,0,"; ; vessel?","DNE"
"696",2020-10-07,23,1,1,0,0,0,0,0,0,0,0,NA,"DNE"
"697",2020-10-08,0,1,1,0,0,0,0,0,0,1,0,"; ; ","DNE"
"698",2020-10-08,1,0,1,0,0,1,0,0,0,1,0,"; ; ","DNE"
"699",2020-10-08,2,0,1,0,0,0,0,0,0,1,0,NA,"DNE"
"700",2020-10-08,3,0,1,0,0,0,0,0,0,1,0,NA,"DNE"
"701",2020-10-08,4,0,1,0,0,0,0,0,0,0,0,NA,"DNE"
"702",2020-10-08,5,0,1,0,0,0,0,0,0,0,0,NA,"DNE"
"703",2020-10-08,6,0,1,0,0,0,0,0,0,1,0,NA,"DNE"
"704",2020-10-08,7,1,1,0,0,0,0,0,0,1,0,"; ; faint","DNE"
"705",2020-10-08,8,0,1,0,0,1,0,0,0,1,0,"; ; ","DNE"
"706",2020-10-08,9,1,1,0,0,0,0,0,0,0,0,NA,"DNE"
"707",2020-10-08,10,1,1,0,0,0,0,0,0,0,0,NA,"DNE"
"708",2020-10-08,11,1,1,0,0,0,0,0,0,0,0,NA,"DNE"
"709",2020-10-08,12,0,1,0,0,0,0,0,0,1,0,NA,"DNE"
"710",2020-10-08,13,1,1,0,0,0,0,0,0,0,0,NA,"DNE"
"711",2020-10-08,14,1,1,0,0,0,0,0,0,0,0,NA,"DNE"
"712",2020-10-08,15,1,1,0,0,0,0,0,0,0,0,NA,"DNE"
"713",2020-10-08,16,1,1,0,0,0,0,0,0,1,0,"; ; mn?","DNE"
"714",2020-10-08,17,1,1,0,0,0,0,0,0,0,0,NA,"DNE"
"715",2020-10-08,18,1,1,0,0,0,0,0,0,0,0,NA,"DNE"
"716",2020-10-08,19,1,0,0,0,0,0,0,0,0,0,NA,"DNE"
"717",2020-10-08,20,1,1,0,0,0,0,0,0,1,0,"; ; ","DNE"
"718",2020-10-08,21,1,0,0,0,0,0,0,0,0,0,NA,"DNE"
"719",2020-10-08,22,1,0,0,0,0,0,0,0,0,0,NA,"DNE"
"720",2020-10-08,23,1,0,0,0,0,0,0,0,0,0,NA,"DNE"
"721",2020-10-09,0,1,0,0,0,0,0,0,0,0,0,NA,"DNE"
"722",2020-10-09,1,1,0,0,0,0,0,0,0,1,0,NA,"DNE"
"723",2020-10-09,2,1,1,0,0,0,0,0,0,0,0,NA,"DNE"
"724",2020-10-09,3,1,1,0,0,0,0,0,0,0,0,NA,"DNE"
"725",2020-10-09,4,1,1,0,0,0,0,0,0,0,0,NA,"DNE"
"726",2020-10-09,5,1,1,0,0,0,0,0,0,0,0,NA,"DNE"
"727",2020-10-09,6,1,1,0,0,0,0,0,0,0,0,NA,"DNE"
"728",2020-10-09,7,1,1,0,0,1,0,0,0,1,0,NA,"DNE"
"729",2020-10-09,8,1,1,0,0,1,0,0,0,1,0,NA,"DNE"
"730",2020-10-09,9,1,0,0,0,1,0,0,0,0,0,NA,"DNE"
"731",2020-10-09,10,1,0,0,0,1,0,0,0,0,0,NA,"DNE"
"732",2020-10-09,11,1,0,0,0,1,0,0,0,0,0,NA,"DNE"
"733",2020-10-09,12,1,0,0,0,1,0,0,0,0,0,NA,"DNE"
"734",2020-10-09,13,1,0,0,0,1,0,0,0,0,0,NA,"DNE"
"735",2020-10-09,14,1,0,0,0,1,0,0,0,0,0,NA,"DNE"
"736",2020-10-09,15,1,0,0,0,1,0,0,0,0,0,NA,"DNE"
"737",2020-10-09,16,1,0,0,0,1,0,0,0,0,0,NA,"DNE"
"738",2020-10-09,17,1,1,0,0,0,0,0,0,0,0,NA,"DNE"
"739",2020-10-09,18,1,1,0,0,1,0,0,0,0,0,NA,"DNE"
"740",2020-10-09,19,1,1,0,0,0,0,0,0,0,0,NA,"DNE"
"741",2020-10-09,20,1,1,0,0,0,0,0,0,0,0,NA,"DNE"
"742",2020-10-09,21,1,0,0,0,0,0,0,0,0,0,NA,"DNE"
"743",2020-10-09,22,0,2,0,0,1,0,0,0,0,0,NA,"DNE"
"744",2020-10-09,23,1,0,0,0,0,0,0,0,0,0,NA,"DNE"
"745",2020-10-10,0,0,1,0,0,1,0,0,0,0,0,NA,"DNE"
"746",2020-10-10,1,1,1,0,0,1,0,0,0,0,0,"; ; ","DNE"
"747",2020-10-10,2,1,1,0,0,0,0,0,0,0,0,NA,"DNE"
"748",2020-10-10,3,1,1,0,0,0,0,0,0,0,0,NA,"DNE"
"749",2020-10-10,4,1,1,0,0,0,0,0,0,0,0,NA,"DNE"
"750",2020-10-10,5,1,1,0,0,0,0,0,0,0,0,"; not sure on this one","DNE"
"751",2020-10-10,6,2,0,0,0,0,0,0,0,0,0,"; I wouldn't mark something as chorus, but seems like Noah did?","DNE"
"752",2020-10-10,7,1,1,0,0,0,0,0,0,0,0,NA,"DNE"
"753",2020-10-10,8,1,1,0,0,0,0,0,0,0,0,NA,"DNE"
"754",2020-10-10,9,1,1,0,0,0,0,0,0,0,0,NA,"DNE"
"755",2020-10-10,10,1,1,0,0,0,0,0,0,1,0,"; ; lf pulse","DNE"
"756",2020-10-10,11,1,1,0,0,0,0,0,0,0,0,NA,"DNE"
"757",2020-10-10,12,1,1,0,0,0,0,0,0,0,0,NA,"DNE"
"758",2020-10-10,13,1,1,0,0,0,0,0,0,0,0,NA,"DNE"
"759",2020-10-10,14,1,1,0,0,0,0,0,0,0,0,NA,"DNE"
"760",2020-10-10,15,1,1,0,0,0,0,0,0,0,0,NA,"DNE"
"761",2020-10-10,16,1,1,0,0,0,0,0,0,0,0,NA,"DNE"
"762",2020-10-10,17,1,1,0,0,0,0,0,0,0,0,NA,"DNE"
"763",2020-10-10,18,0,1,0,0,0,0,0,0,0,0,NA,"DNE"
"764",2020-10-10,19,1,1,0,0,0,0,0,0,0,0,NA,"DNE"
"765",2020-10-10,20,1,1,0,0,0,0,0,0,0,0,NA,"DNE"
"766",2020-10-10,21,1,1,0,0,0,0,0,0,0,0,NA,"DNE"
"767",2020-10-10,22,0,1,0,0,0,0,0,0,0,0,NA,"DNE"
"768",2020-10-10,23,0,1,0,0,0,0,0,0,0,0,NA,"DNE"
"769",2020-10-11,0,0,2,0,0,0,0,0,0,0,0,NA,"DNE"
"770",2020-10-11,1,1,0,0,0,0,0,0,0,0,0,NA,"DNE"
"771",2020-10-11,2,1,1,0,0,0,0,0,0,0,0,"; faint","DNE"
"772",2020-10-11,3,1,1,0,0,0,0,0,0,0,0,NA,"DNE"
"773",2020-10-11,4,1,1,0,0,0,0,0,0,0,0,NA,"DNE"
"774",2020-10-11,5,1,1,0,0,0,0,0,0,0,0,NA,"DNE"
"775",2020-10-11,6,1,1,0,0,0,0,0,0,0,0,NA,"DNE"
"776",2020-10-11,7,1,1,0,0,0,0,0,0,0,0,NA,"DNE"
"777",2020-10-11,8,1,1,0,0,0,0,0,0,0,0,NA,"DNE"
"778",2020-10-11,9,1,1,0,0,1,0,0,0,2,0,"lf rumble; ; ; ; lf pulse","DNE"
"779",2020-10-11,10,1,1,0,0,1,0,0,0,2,0,"; ; ; lf pulse; lf rumble","DNE"
"780",2020-10-11,11,1,1,0,0,0,0,0,0,2,0,"; ; lf pulse; lf rumble","DNE"
"781",2020-10-11,12,1,1,0,0,0,0,0,0,1,0,"; ; lf pulse","DNE"
"782",2020-10-11,13,1,1,0,0,1,0,0,0,2,0,"; ; lf pulse; lf rumble; ","DNE"
"783",2020-10-11,14,1,1,0,0,1,0,0,0,1,0,"; ; lf rumble; ","DNE"
"784",2020-10-11,15,1,1,0,0,0,0,0,0,2,0,"; ; lf rumble; lf pulse","DNE"
"785",2020-10-11,16,1,1,0,0,0,0,0,0,1,0,"; ; lf pulse","DNE"
"786",2020-10-11,17,1,1,0,0,0,0,0,0,1,0,"; ; lf pulse","DNE"
"787",2020-10-11,18,1,1,0,0,0,0,0,0,1,0,"; ; lf pulse","DNE"
"788",2020-10-11,19,1,1,0,0,0,0,0,0,1,0,"; lf pulse; ","DNE"
"789",2020-10-11,20,1,1,0,0,0,0,0,0,1,0,"; ; lf pulse","DNE"
"790",2020-10-11,21,1,1,0,0,0,0,0,0,1,0,"; lf pulse; ","DNE"
"791",2020-10-11,22,1,1,0,0,0,0,0,0,0,0,NA,"DNE"
"792",2020-10-11,23,1,1,0,0,0,0,0,0,0,0,NA,"DNE"
"793",2020-10-12,0,1,1,0,0,0,0,0,0,1,0,"; ; bal?","DNE"
"794",2020-10-12,1,1,1,0,0,0,0,0,0,0,0,NA,"DNE"
"795",2020-10-12,2,0,1,0,0,0,0,0,0,0,0,NA,"DNE"
"796",2020-10-12,3,0,1,0,0,0,0,0,0,0,0,NA,"DNE"
"797",2020-10-12,4,0,1,0,0,0,0,0,0,0,0,NA,"DNE"
"798",2020-10-12,5,0,1,0,0,0,0,0,0,0,0,NA,"DNE"
"799",2020-10-12,6,1,1,0,0,0,0,0,0,0,0,NA,"DNE"
"800",2020-10-12,7,0,1,0,0,0,0,0,0,0,0,NA,"DNE"
"801",2020-10-12,8,1,1,0,0,0,0,0,0,1,0,"; ; lf pulse","DNE"
"802",2020-10-12,9,1,1,0,0,0,0,0,0,0,0,NA,"DNE"
"803",2020-10-12,10,1,1,0,0,0,0,0,0,0,0,NA,"DNE"
"804",2020-10-12,11,0,2,0,0,0,0,0,0,0,0,NA,"DNE"
"805",2020-10-12,12,1,1,0,0,0,0,0,0,0,0,NA,"DNE"
"806",2020-10-12,13,1,1,0,0,0,0,0,0,0,0,NA,"DNE"
"807",2020-10-12,14,1,1,0,0,0,0,0,0,0,0,NA,"DNE"
"808",2020-10-12,15,1,1,0,0,0,0,0,0,1,0,"; ; lf pulse","DNE"
"809",2020-10-12,16,1,0,0,0,0,0,0,0,1,0,"lf pulse; ","DNE"
"810",2020-10-12,17,1,0,0,0,0,0,0,0,1,0,"; lf pulse","DNE"
"811",2020-10-12,18,1,1,0,0,0,0,0,0,1,0,"; lf pulse; ","DNE"
"812",2020-10-12,19,1,1,0,0,0,0,0,0,1,0,"; ; lf pulse","DNE"
"813",2020-10-12,20,1,1,0,0,0,0,0,0,1,0,"; ; lf pulse","DNE"
"814",2020-10-12,21,1,1,0,0,0,0,0,0,0,0,NA,"DNE"
"815",2020-10-12,22,1,1,0,0,0,0,0,0,0,0,NA,"DNE"
"816",2020-10-12,23,0,1,0,0,0,0,0,0,0,0,NA,"DNE"
"817",2020-10-13,0,0,1,0,0,0,0,0,0,0,0,NA,"DNE"
"818",2020-10-13,1,0,1,0,0,0,0,0,0,1,0,"; lf pulse","DNE"
"819",2020-10-13,2,1,1,0,0,0,0,0,0,0,0,NA,"DNE"
"820",2020-10-13,3,1,1,0,0,0,0,0,0,0,0,NA,"DNE"
"821",2020-10-13,4,1,1,0,0,0,0,0,0,0,0,NA,"DNE"
"822",2020-10-13,5,1,1,0,0,1,0,0,0,0,0,"; ; ","DNE"
"823",2020-10-13,6,1,1,0,0,1,0,0,0,0,0,"; ; ","DNE"
"824",2020-10-13,7,1,1,0,0,0,0,0,0,0,0,NA,"DNE"
"825",2020-10-13,8,1,1,0,0,0,0,0,0,1,0,"; ; lf pulse","DNE"
"826",2020-10-13,9,1,1,0,0,0,0,0,0,0,0,NA,"DNE"
"827",2020-10-13,10,1,1,0,0,0,0,0,0,1,0,"; ; lf pulse","DNE"
"828",2020-10-13,11,1,1,0,0,0,0,0,0,2,0,"; ; lf pulse; bal?","DNE"
"829",2020-10-13,12,1,1,0,0,0,0,0,0,1,0,"lf pulse; ; ","DNE"
"830",2020-10-13,13,1,1,0,0,0,0,0,0,1,0,"; ; lf rumble","DNE"
"831",2020-10-13,14,1,1,0,0,0,0,0,0,2,0,"; ; lf pulse; lf rumble","DNE"
"832",2020-10-13,15,1,1,0,0,0,0,0,0,1,0,"; ; lf rumble","DNE"
"833",2020-10-13,16,1,1,0,0,0,0,0,0,0,0,NA,"DNE"
"834",2020-10-13,17,1,1,0,0,1,0,0,0,1,0,"; ; ; lf pulse","DNE"
"835",2020-10-13,18,1,1,0,0,0,0,0,0,2,0,"; ; lf pulse; lf rumble","DNE"
"836",2020-10-13,19,1,1,0,0,1,0,0,0,1,0,"; ; lf pulse; ","DNE"
"837",2020-10-13,20,1,1,0,0,1,0,0,0,1,0,"; ; ; lf pulse","DNE"
"838",2020-10-13,21,1,1,0,0,1,0,0,0,0,0,"; ; ","DNE"
"839",2020-10-13,22,0,1,0,0,1,0,0,0,0,0,NA,"DNE"
"840",2020-10-13,23,0,1,0,0,1,0,0,0,0,0,NA,"DNE"
"841",2020-10-14,0,0,1,0,0,1,0,0,0,0,0,NA,"DNE"
"842",2020-10-14,1,1,1,0,0,0,0,0,0,0,0,NA,"DNE"
"843",2020-10-14,2,1,1,0,0,1,0,0,0,0,0,"; faint; ","DNE"
"844",2020-10-14,3,1,1,0,0,1,0,0,0,0,0,"; ; ","DNE"
"845",2020-10-14,4,1,1,0,0,1,0,0,0,0,0,"; ; ","DNE"
"846",2020-10-14,5,1,1,0,0,1,0,0,0,0,0,"; ; ","DNE"
"847",2020-10-14,6,1,1,0,0,1,0,0,0,1,0,"; ; ; lf pulse","DNE"
"848",2020-10-14,7,1,1,0,0,1,0,0,0,0,0,"; ; ","DNE"
"849",2020-10-14,8,1,1,0,0,0,0,0,0,1,0,"; ; lf pulse","DNE"
"850",2020-10-14,9,1,1,0,0,0,0,0,0,1,0,"; ; pulse","DNE"
"851",2020-10-14,10,1,1,0,0,0,0,0,0,1,0,"; ; lf pulse","DNE"
"852",2020-10-14,11,1,1,0,0,1,0,0,0,0,0,"; ; ","DNE"
"853",2020-10-14,12,1,1,0,0,0,0,0,0,0,0,NA,"DNE"
"854",2020-10-14,13,1,1,0,0,0,0,0,0,0,0,NA,"DNE"
"855",2020-10-14,14,1,1,0,0,0,0,0,0,0,0,NA,"DNE"
"856",2020-10-14,15,1,0,0,0,0,0,0,0,1,0,"; lf pulse","DNE"
"857",2020-10-14,16,1,0,0,0,0,0,0,0,1,0,"; lf pulse","DNE"
"858",2020-10-14,17,1,0,0,0,0,0,0,0,1,0,"; lf pulse","DNE"
"859",2020-10-14,18,1,1,0,0,1,0,0,0,0,0,"; ; ","DNE"
"860",2020-10-14,19,1,0,0,0,1,0,0,0,1,0,"; ; lf pulse","DNE"
"861",2020-10-14,20,1,1,0,0,1,0,0,0,0,0,"; ; ","DNE"
"862",2020-10-14,21,1,1,0,0,1,0,0,0,0,0,"; ; ","DNE"
"863",2020-10-14,22,1,1,0,0,1,0,0,0,0,0,"; ; ","DNE"
"864",2020-10-14,23,1,1,0,0,1,0,0,0,1,0,"; ; lf pulse; check","DNE"
"865",2020-10-15,0,1,1,0,0,1,0,0,0,0,0,"; ; ","DNE"
"866",2020-10-15,1,1,1,0,0,1,0,0,0,0,0,"; ; ","DNE"
"867",2020-10-15,2,1,1,0,0,1,0,0,0,0,0,"; ; ","DNE"
"868",2020-10-15,3,1,1,0,0,0,0,0,0,1,0,"; ; lf rumble","DNE"
"869",2020-10-15,4,1,1,0,0,0,0,0,0,1,0,"lf rumble; ; ","DNE"
"870",2020-10-15,5,1,1,0,0,0,0,0,0,1,0,"; ; lf pulse","DNE"
"871",2020-10-15,6,1,1,0,0,0,0,0,0,0,0,NA,"DNE"
"872",2020-10-15,7,1,1,0,0,0,0,0,0,0,0,NA,"DNE"
"873",2020-10-15,8,1,1,0,0,0,0,0,0,1,0,"; ; lf pulse","DNE"
"874",2020-10-15,9,1,1,0,0,0,0,0,0,1,0,"; ; lf rumble","DNE"
"875",2020-10-15,10,1,1,0,0,0,0,0,0,1,0,"; ; lf rumble","DNE"
"876",2020-10-15,11,1,1,0,0,0,0,0,0,1,0,"; ; lf pulse","DNE"
"877",2020-10-15,12,1,1,0,0,0,0,0,0,2,0,"; ; lf pulse; lf rumble","DNE"
"878",2020-10-15,13,1,1,0,0,0,0,0,0,0,0,NA,"DNE"
"879",2020-10-15,14,1,1,0,0,0,0,0,0,0,0,NA,"DNE"
"880",2020-10-15,15,0,1,0,0,0,0,0,0,0,0,NA,"DNE"
"881",2020-10-15,16,1,1,0,0,0,0,0,0,0,0,NA,"DNE"
"882",2020-10-15,17,0,1,0,0,0,0,0,0,1,0,"; lf pulse","DNE"
"883",2020-10-15,18,1,1,0,0,0,0,0,0,0,0,NA,"DNE"
"884",2020-10-15,19,0,1,0,0,0,0,0,0,1,0,"; lf pulse","DNE"
"885",2020-10-15,20,1,1,0,0,0,0,0,0,1,0,"; bal?; ","DNE"
"886",2020-10-15,21,1,1,0,0,0,0,0,0,0,0,NA,"DNE"
"887",2020-10-15,22,0,1,0,0,0,0,0,0,0,0,NA,"DNE"
"888",2020-10-15,23,1,1,0,0,0,0,0,0,1,0,"; ; lf pulse","DNE"
"889",2020-10-16,0,0,1,0,0,0,0,0,0,1,0,"; lf pulse","DNE"
"890",2020-10-16,1,0,1,0,0,0,0,0,0,0,0,NA,"DNE"
"891",2020-10-16,2,0,1,0,0,0,0,0,0,0,0,NA,"DNE"
"892",2020-10-16,3,1,1,0,0,0,0,0,0,0,0,NA,"DNE"
"893",2020-10-16,4,0,1,0,0,0,0,0,0,0,0,NA,"DNE"
"894",2020-10-16,5,1,1,0,0,0,0,0,0,1,0,"; ; lf pulse","DNE"
"895",2020-10-16,6,1,1,0,0,0,0,0,0,1,0,"lf pulse; ; ","DNE"
"896",2020-10-16,7,1,1,0,0,0,0,0,0,1,0,"; ; lf pulse","DNE"
"897",2020-10-16,8,1,1,0,0,0,0,0,0,1,0,"; ; lf pulse","DNE"
"898",2020-10-16,9,1,1,0,0,0,0,0,0,0,0,NA,"DNE"
"899",2020-10-16,10,1,1,0,0,0,0,0,0,1,0,"; ; rumble","DNE"
"900",2020-10-16,11,1,1,0,0,0,0,0,0,0,0,NA,"DNE"
"901",2020-10-16,12,1,1,0,0,0,0,0,0,0,0,NA,"DNE"
"902",2020-10-16,13,1,1,0,0,0,0,0,0,1,0,"; ; lf pulse","DNE"
"903",2020-10-16,14,0,1,0,0,0,0,0,0,1,0,"; lf pulse","DNE"
"904",2020-10-16,15,1,1,0,0,0,0,0,0,1,0,"; ; lf pulse","DNE"
"905",2020-10-16,16,0,1,0,0,0,0,0,0,0,0,NA,"DNE"
"906",2020-10-16,17,0,1,0,0,0,0,0,0,0,0,NA,"DNE"
"907",2020-10-16,18,1,1,0,0,0,0,0,0,0,0,NA,"DNE"
"908",2020-10-16,19,1,1,0,0,0,0,0,0,1,0,"; ; lf pulse","DNE"
"909",2020-10-16,20,1,1,0,0,0,0,0,0,1,0,"; lf pulse; ","DNE"
"910",2020-10-16,21,1,1,0,0,0,0,0,0,0,0,NA,"DNE"
"911",2020-10-16,22,0,1,0,0,0,0,0,0,1,0,"; lf rumble","DNE"
"912",2020-10-16,23,0,1,0,0,0,0,0,0,1,0,"lf rumble; ","DNE"
"913",2020-10-17,0,1,1,0,0,0,0,0,0,1,0,"lf rumble; ; ","DNE"
"914",2020-10-17,1,0,1,0,0,0,0,0,0,0,0,NA,"DNE"
"915",2020-10-17,2,0,1,0,0,0,0,0,0,1,0,"; lf pulse","DNE"
"916",2020-10-17,3,0,1,0,0,0,0,0,0,0,0,NA,"DNE"
"917",2020-10-17,4,1,1,0,0,0,0,0,0,1,0,"; ; lf pulse","DNE"
"918",2020-10-17,5,0,1,0,0,0,0,0,0,0,0,NA,"DNE"
"919",2020-10-17,6,1,1,0,0,0,0,0,0,1,0,"; possible bal; ","DNE"
"920",2020-10-17,7,1,1,0,0,0,0,0,0,1,0,"; ; lf pulse","DNE"
"921",2020-10-17,8,1,1,0,0,0,0,0,0,1,0,"; lf pulse; ","DNE"
"922",2020-10-17,9,1,1,0,0,0,0,0,0,0,0,NA,"DNE"
"923",2020-10-17,10,1,1,0,0,0,0,0,0,1,0,"; ; lf rumble","DNE"
"924",2020-10-17,11,1,1,0,0,0,0,0,0,1,0,"; lf rumble; ","DNE"
"925",2020-10-17,12,1,1,0,0,0,0,0,0,0,0,NA,"DNE"
"926",2020-10-17,13,1,1,0,0,0,0,0,0,1,0,"; lf pulse; ","DNE"
"927",2020-10-17,14,1,1,0,0,0,0,0,0,1,0,"; lf pulse; ","DNE"
"928",2020-10-17,15,1,1,0,0,0,0,0,0,0,0,NA,"DNE"
"929",2020-10-17,16,0,1,0,0,0,0,0,0,1,0,"possible bal; ","DNE"
"930",2020-10-17,17,0,1,0,0,0,0,0,0,1,0,"; lf pulse","DNE"
"931",2020-10-17,18,1,1,0,0,0,0,0,0,0,0,NA,"DNE"
"932",2020-10-17,19,1,1,0,0,0,0,0,0,1,0,"; ; lf pulse","DNE"
"933",2020-10-17,20,1,1,0,0,0,0,0,0,1,0,"lf pulse; ; ","DNE"
"934",2020-10-17,21,1,1,0,0,0,0,0,0,1,0,"lf pulse; ; ","DNE"
"935",2020-10-17,22,0,1,0,0,0,0,0,0,0,0,NA,"DNE"
"936",2020-10-17,23,1,0,0,0,0,0,0,0,0,0,NA,"DNE"
"937",2020-10-18,0,1,0,0,0,0,0,0,0,0,0,NA,"DNE"
"938",2020-10-18,1,0,1,0,0,0,0,0,0,2,0,"possible bal; ; lf pulse","DNE"
"939",2020-10-18,2,1,1,0,0,0,0,0,0,2,0,"; possible bal; possible bal; ","DNE"
"940",2020-10-18,3,0,1,0,0,0,0,0,0,1,0,"; lf pulse","DNE"
"941",2020-10-18,4,0,1,0,0,0,0,0,0,0,0,NA,"DNE"
"942",2020-10-18,5,0,1,0,0,0,0,0,0,0,0,NA,"DNE"
"943",2020-10-18,6,0,1,0,0,0,0,0,0,0,0,NA,"DNE"
"944",2020-10-18,7,1,0,0,0,0,0,0,0,0,0,NA,"DNE"
"945",2020-10-18,8,1,0,0,0,0,0,0,0,2,0,"lf pulse; ; bal?","DNE"
"946",2020-10-18,9,1,1,0,0,0,0,0,0,1,0,"; lf pulse; ","DNE"
"947",2020-10-18,10,1,0,0,0,0,0,0,0,0,0,NA,"DNE"
"948",2020-10-18,11,1,0,0,0,0,0,0,0,0,0,NA,"DNE"
"949",2020-10-18,12,0,1,0,0,0,0,0,0,0,0,NA,"DNE"
"950",2020-10-18,13,0,1,0,0,0,0,0,0,0,0,NA,"DNE"
"951",2020-10-18,14,1,1,0,0,0,0,0,0,1,0,"; lf pulse; ","DNE"
"952",2020-10-18,15,1,1,0,0,0,0,0,0,0,0,NA,"DNE"
"953",2020-10-18,16,1,1,0,0,0,0,0,0,0,0,NA,"DNE"
"954",2020-10-18,17,0,1,0,0,0,0,0,0,0,0,NA,"DNE"
"955",2020-10-18,18,0,1,0,0,0,0,0,0,0,0,NA,"DNE"
"956",2020-10-18,19,1,1,0,0,0,0,0,0,1,0,"; ; lf pulse","DNE"
"957",2020-10-18,20,1,1,0,0,0,0,0,0,1,0,"; ; lf pulse","DNE"
"958",2020-10-18,21,0,1,0,0,0,0,0,0,0,0,NA,"DNE"
"959",2020-10-18,22,0,1,0,0,0,0,0,0,0,0,NA,"DNE"
"960",2020-10-18,23,1,0,0,0,0,0,0,0,0,0,NA,"DNE"
"961",2020-10-19,0,1,0,0,0,0,0,0,0,0,0,NA,"DNE"
"962",2020-10-19,1,0,1,0,0,0,0,0,0,1,0,"; bal?","DNE"
"963",2020-10-19,2,0,1,0,0,0,0,0,0,2,0,"bal?; ; lf pulse","DNE"
"964",2020-10-19,3,0,1,0,0,0,0,0,0,2,0,"; ; bal","DNE"
"965",2020-10-19,4,0,1,0,0,0,0,0,0,0,0,NA,"DNE"
"966",2020-10-19,5,0,1,0,0,0,0,0,0,0,0,NA,"DNE"
"967",2020-10-19,6,0,1,0,0,0,0,0,0,0,0,NA,"DNE"
"968",2020-10-19,7,0,1,0,0,0,0,0,0,0,0,NA,"DNE"
"969",2020-10-19,8,1,1,0,0,0,0,0,0,1,0,"; ; ","DNE"
"970",2020-10-19,9,1,0,0,0,0,0,0,0,1,0,"; lf pulse","DNE"
"971",2020-10-19,10,1,0,0,0,0,0,0,0,2,0,"; lf pulse; bal?","DNE"
"972",2020-10-19,11,1,0,0,0,0,0,0,0,0,0,NA,"DNE"
"973",2020-10-19,12,1,0,0,0,0,0,0,0,0,0,NA,"DNE"
"974",2020-10-19,13,1,0,0,0,0,0,0,0,0,0,NA,"DNE"
"975",2020-10-19,14,1,1,0,0,0,0,0,0,1,0,"; ; lf pulse","DNE"
"976",2020-10-19,15,0,2,0,0,1,0,0,0,0,0,"; ; ","DNE"
"977",2020-10-19,16,0,1,0,0,0,0,0,0,1,0,"; lf pulse","DNE"
"978",2020-10-19,17,0,1,0,0,0,0,0,0,0,0,NA,"DNE"
"979",2020-10-19,18,0,1,0,0,0,0,0,0,0,0,NA,"DNE"
"980",2020-10-19,19,0,1,0,0,0,0,0,0,0,0,NA,"DNE"
"981",2020-10-19,20,1,1,0,0,0,0,0,0,1,0,"; lf pulse; ","DNE"
"982",2020-10-19,21,1,1,0,0,0,0,0,0,0,0,NA,"DNE"
"983",2020-10-19,22,1,0,0,0,0,0,0,0,1,0,"; lf pulse","DNE"
"984",2020-10-19,23,1,0,0,0,0,0,0,0,0,0,NA,"DNE"
"985",2020-10-20,0,1,0,0,0,0,0,0,0,0,0,NA,"DNE"
"986",2020-10-20,1,0,1,0,0,0,0,0,0,0,0,NA,"DNE"
"987",2020-10-20,2,0,1,0,0,0,0,0,0,1,0,"; lf pulse","DNE"
"988",2020-10-20,3,0,2,0,0,0,0,0,0,2,0,"; lf pulse; ; bal?","DNE"
"989",2020-10-20,4,0,1,0,0,0,0,0,0,2,0,"bal?; ; lf pulse","DNE"
"990",2020-10-20,5,0,1,0,0,0,0,0,0,0,0,NA,"DNE"
"991",2020-10-20,6,0,1,0,0,0,0,0,0,1,0,"; bal?","DNE"
"992",2020-10-20,7,0,1,0,0,0,0,0,0,0,0,NA,"DNE"
"993",2020-10-20,8,1,0,0,0,1,0,0,0,0,0,NA,"DNE"
"994",2020-10-20,9,1,1,0,0,0,0,0,0,1,0,"; lf pulse; ","DNE"
"995",2020-10-20,10,1,0,0,0,0,0,0,0,2,0,"; lf pulse; ","DNE"
"996",2020-10-20,11,1,0,0,0,0,0,0,0,0,0,NA,"DNE"
"997",2020-10-20,12,1,1,0,0,0,0,0,0,0,0,NA,"DNE"
"998",2020-10-20,13,1,1,0,0,0,0,0,0,0,0,NA,"DNE"
"999",2020-10-20,14,1,1,0,0,0,0,0,0,0,0,NA,"DNE"
"1000",2020-10-20,15,1,1,0,0,0,0,0,0,1,0,"; lf pulse; ","DNE"
"1001",2020-10-20,16,1,1,0,0,0,0,0,0,1,0,"; ; lf pulse","DNE"
"1002",2020-10-20,17,0,1,0,0,0,0,0,0,0,0,NA,"DNE"
"1003",2020-10-20,18,0,1,0,0,0,0,0,0,1,0,"; lf pulse","DNE"
"1004",2020-10-20,19,0,1,0,0,0,0,0,0,0,0,NA,"DNE"
"1005",2020-10-20,20,0,1,0,0,0,0,0,0,0,0,NA,"DNE"
"1006",2020-10-20,21,0,1,0,0,0,0,0,0,1,0,"; lf pulse","DNE"
"1007",2020-10-20,22,1,0,0,0,0,0,0,0,2,0,"; lf pullse; ","DNE"
"1008",2020-10-20,23,1,0,0,0,0,0,0,0,1,0,"; bal?","DNE"
"1009",2020-10-21,0,1,0,0,0,0,0,0,0,0,0,NA,"DNE"
"1010",2020-10-21,1,0,1,0,0,0,0,0,0,0,0,NA,"DNE"
"1011",2020-10-21,2,0,1,0,0,0,0,0,0,0,0,NA,"DNE"
"1012",2020-10-21,3,1,1,0,0,0,0,0,0,2,0,"; ; bal?; lf pulse","DNE"
"1013",2020-10-21,4,0,1,0,0,0,0,0,0,2,0,"; ; lf pulse","DNE"
"1014",2020-10-21,5,0,1,0,0,0,0,0,0,1,0,"; lf pulse","DNE"
"1015",2020-10-21,6,0,1,0,0,0,0,0,0,0,0,NA,"DNE"
"1016",2020-10-21,7,1,1,0,0,1,0,0,0,0,0,"; ; ","DNE"
"1017",2020-10-21,8,1,1,0,0,0,0,0,0,0,0,NA,"DNE"
"1018",2020-10-21,9,1,0,0,0,0,0,0,0,1,0,"; lf pulse","DNE"
"1019",2020-10-21,10,1,0,0,0,0,0,0,0,1,0,"; lf pulse","DNE"
"1020",2020-10-21,11,0,0,0,0,0,0,0,0,1,0,"lf pulse","DNE"
"1021",2020-10-21,12,1,0,0,0,0,0,0,0,0,0,NA,"DNE"
"1022",2020-10-21,13,1,0,0,0,0,0,0,0,0,0,NA,"DNE"
"1023",2020-10-21,14,0,1,0,0,0,0,0,0,0,0,NA,"DNE"
"1024",2020-10-21,15,0,1,0,0,0,0,0,0,1,0,"; lf pulse","DNE"
"1025",2020-10-21,16,1,1,0,0,0,0,0,0,0,0,NA,"DNE"
"1026",2020-10-21,17,0,1,0,0,0,0,0,0,2,0,"; ; lf pulse","DNE"
"1027",2020-10-21,18,0,1,0,0,0,0,0,0,1,0,"; lf pulse","DNE"
"1028",2020-10-21,19,0,1,0,0,0,0,0,0,1,0,"; lf pulse","DNE"
"1029",2020-10-21,20,0,1,0,0,0,0,0,0,1,0,"; lf pulse","DNE"
"1030",2020-10-21,21,0,1,0,0,0,0,0,0,1,0,"; lf pulse","DNE"
"1031",2020-10-21,22,0,1,0,0,0,0,0,0,1,0,"; lf pulse","DNE"
"1032",2020-10-21,23,0,1,0,0,0,0,0,0,1,0,"lf pulse; ","DNE"
"1033",2020-10-22,0,0,1,0,0,0,0,0,0,0,0,NA,"DNE"
"1034",2020-10-22,1,0,1,0,0,0,0,0,0,0,0,NA,"DNE"
"1035",2020-10-22,2,0,1,0,0,0,0,0,0,1,0,"; bal?","DNE"
"1036",2020-10-22,3,0,1,0,0,0,0,0,0,0,0,NA,"DNE"
"1037",2020-10-22,4,0,1,0,0,0,0,0,0,1,0,"lf pulse; ","DNE"
"1038",2020-10-22,5,0,1,0,0,0,0,0,0,1,0,"; lf pulse","DNE"
"1039",2020-10-22,6,1,1,0,0,0,0,0,0,1,0,"; lf pulse; ","DNE"
"1040",2020-10-22,7,1,0,0,0,0,0,0,0,1,0,"; lf pulse","DNE"
"1041",2020-10-22,8,1,1,0,0,0,0,0,0,0,0,NA,"DNE"
"1042",2020-10-22,9,1,0,0,0,0,0,0,0,0,0,NA,"DNE"
"1043",2020-10-22,10,1,1,0,0,0,0,0,0,1,0,"; ; ","DNE"
"1044",2020-10-22,11,1,0,0,0,0,0,0,0,0,0,NA,"DNE"
"1045",2020-10-22,12,1,0,0,0,0,0,0,0,0,0,NA,"DNE"
"1046",2020-10-22,13,1,0,0,0,0,0,0,0,0,0,NA,"DNE"
"1047",2020-10-22,14,1,0,0,0,0,0,0,0,0,0,NA,"DNE"
"1048",2020-10-22,15,1,0,0,0,0,0,0,0,1,0,"; lf pulse","DNE"
"1049",2020-10-22,16,1,1,0,0,0,0,0,0,1,0,"; ; lf pulse","DNE"
"1050",2020-10-22,17,1,1,0,0,0,0,0,0,1,0,"; lf pulse; ","DNE"
"1051",2020-10-22,18,1,1,0,0,0,0,0,0,0,0,NA,"DNE"
"1052",2020-10-22,19,2,1,0,0,0,0,0,0,2,0,"; lf pulse; ; lf pulse; ","DNE"
"1053",2020-10-22,20,0,0,0,0,0,0,0,0,1,0,"lf pulse","DNE"
"1054",2020-10-22,21,0,0,0,NA,NA,NA,NA,NA,0,0,NA,"DNE"
"1055",2020-10-22,22,0,0,0,NA,NA,NA,NA,NA,0,0,NA,"DNE"
"1056",2020-10-22,23,0,0,0,NA,NA,NA,NA,NA,0,0,NA,"DNE"
"1057",2020-10-23,0,0,0,0,NA,NA,NA,NA,NA,0,0,NA,"DNE"
"1058",2020-10-23,1,0,0,0,NA,NA,NA,NA,NA,0,0,NA,"DNE"
"1059",2020-10-23,2,0,0,0,NA,NA,NA,NA,NA,0,0,NA,"DNE"
"1060",2020-10-23,3,0,0,0,NA,NA,NA,NA,NA,0,0,NA,"DNE"
"1061",2020-10-23,4,0,0,0,NA,NA,NA,NA,NA,0,0,NA,"DNE"
"1062",2020-10-23,5,0,0,0,NA,NA,NA,NA,NA,0,0,NA,"DNE"
"1063",2020-10-23,6,1,0,0,0,0,0,0,0,1,0,"; lf pulse","DNE"
"1064",2020-10-23,7,0,1,0,0,0,0,0,0,1,0,"lf pulse; ","DNE"
"1065",2020-10-23,8,1,0,0,0,0,0,0,0,1,0,"lf pulse; ","DNE"
"1066",2020-10-23,9,1,0,0,0,0,0,0,0,1,0,"; lf pulse","DNE"
"1067",2020-10-23,10,1,1,0,0,0,0,0,0,1,0,"; lf pulse; ","DNE"
"1068",2020-10-23,11,1,0,0,0,0,0,0,0,1,0,"; lf pulse","DNE"
"1069",2020-10-23,12,1,1,0,0,0,0,0,0,1,0,"; ; lf pulse","DNE"
"1070",2020-10-23,13,1,0,0,0,0,0,0,0,1,0,"lf pulse; ","DNE"
"1071",2020-10-23,14,1,1,0,0,0,0,0,0,2,0,"lf pulse; ; lf pulse; ","DNE"
"1072",2020-10-23,15,1,0,0,0,0,0,0,0,1,0,"; lf pulse","DNE"
"1073",2020-10-23,16,1,1,0,0,0,0,0,0,1,0,"; ; lf pulse","DNE"
"1074",2020-10-23,17,1,0,0,0,0,0,0,0,0,0,NA,"DNE"
"1075",2020-10-23,18,0,1,0,0,0,0,0,0,1,0,"; lf pulse","DNE"
"1076",2020-10-23,19,1,0,0,0,0,0,0,0,1,0,"; lf pulse","DNE"
"1077",2020-10-23,20,1,1,0,0,0,0,0,0,0,0,NA,"DNE"
"1078",2020-10-23,21,1,1,0,0,0,0,0,0,0,0,NA,"DNE"
"1079",2020-10-23,22,1,1,0,0,0,0,0,0,1,0,"; lf pulse; ","DNE"
"1080",2020-10-23,23,1,0,0,0,0,0,0,0,2,0,"lf rumble; ; lf pulse","DNE"
"1081",2020-10-24,0,0,0,0,0,0,0,0,0,1,0,"lf pulse","DNE"
"1082",2020-10-24,1,0,1,0,0,0,0,0,0,1,0,"; lf pulse","DNE"
"1083",2020-10-24,2,0,1,0,0,0,0,0,0,1,0,"; lf pulse","DNE"
"1084",2020-10-24,3,0,1,0,0,0,0,0,0,1,0,"lf pulse; ","DNE"
"1085",2020-10-24,4,1,1,0,0,0,0,0,0,1,0,"; ; lf pulse","DNE"
"1086",2020-10-24,5,1,1,0,0,0,0,0,0,1,0,"; lf pulse; ","DNE"
"1087",2020-10-24,6,1,1,0,0,0,0,0,0,1,0,"lf pulse; ; ","DNE"
"1088",2020-10-24,7,1,1,0,0,0,0,0,0,1,0,"; lf pulse; ","DNE"
"1089",2020-10-24,8,1,1,0,0,0,0,0,0,2,0,"lf rumble; lf pulse; ; ","DNE"
"1090",2020-10-24,9,1,1,0,0,0,0,0,0,1,0,"lf pulse; ; ","DNE"
"1091",2020-10-24,10,1,1,0,0,0,0,0,0,1,0,"; lf pulse; ","DNE"
"1092",2020-10-24,11,1,0,0,0,0,0,0,0,0,0,NA,"DNE"
"1093",2020-10-24,12,1,1,0,0,0,0,0,0,1,0,"; lf pulse; ","DNE"
"1094",2020-10-24,13,1,0,0,0,0,0,0,0,1,0,"; lf pulse","DNE"
"1095",2020-10-24,14,1,1,0,0,0,0,0,0,1,0,"; lf pulse; ","DNE"
"1096",2020-10-24,15,1,1,0,0,0,0,0,0,1,0,"; lf pulse; ","DNE"
"1097",2020-10-24,16,1,1,0,0,0,0,0,0,0,0,NA,"DNE"
"1098",2020-10-24,17,1,1,0,0,0,0,0,0,0,0,NA,"DNE"
"1099",2020-10-24,18,1,0,0,0,0,0,0,0,1,0,"lf pulse; ","DNE"
"1100",2020-10-24,19,1,1,0,0,0,0,0,0,2,0,"lf rumble; ; lf pulse; ","DNE"
"1101",2020-10-24,20,1,0,0,0,0,0,0,0,1,0,"lf pulse; ","DNE"
"1102",2020-10-24,21,1,1,0,0,0,0,0,0,1,0,"; lf pulse; ","DNE"
"1103",2020-10-24,22,1,1,0,0,0,0,0,0,1,0,"; lf pulse; ","DNE"
"1104",2020-10-24,23,1,0,0,0,0,0,0,0,1,0,"; lf pulse","DNE"
"1105",2020-10-25,0,0,1,0,0,0,0,0,0,0,0,NA,"DNE"
"1106",2020-10-25,1,0,1,0,0,0,0,0,0,1,0,"lf pulse; ","DNE"
"1107",2020-10-25,2,1,1,0,0,0,0,0,0,2,0,"; lf pulse; ; ","DNE"
"1108",2020-10-25,3,1,0,0,0,0,0,0,0,1,0,"; lf pulse","DNE"
"1109",2020-10-25,4,1,0,0,0,0,0,0,0,1,0,"; lf pulse","DNE"
"1110",2020-10-25,5,1,0,0,0,0,0,0,0,1,0,"; lf pulse","DNE"
"1111",2020-10-25,6,1,0,0,0,0,0,0,0,1,0,"; lf pulse","DNE"
"1112",2020-10-25,7,1,1,0,0,0,0,0,0,1,0,"; ; lf pulse","DNE"
"1113",2020-10-25,8,1,0,0,0,0,0,0,0,1,0,"lf pulse; ","DNE"
"1114",2020-10-25,9,1,0,0,0,0,0,0,0,0,0,NA,"DNE"
"1115",2020-10-25,10,1,1,0,0,0,0,0,0,1,0,"; ; lf pulse","DNE"
"1116",2020-10-25,11,1,1,0,0,0,0,0,0,0,0,NA,"DNE"
"1117",2020-10-25,12,1,1,0,0,0,0,0,0,1,0,"; ; ","DNE"
"1118",2020-10-25,13,1,1,0,0,0,0,0,0,1,0,"; ; lf pulse","DNE"
"1119",2020-10-25,14,1,0,0,0,0,0,0,0,0,0,NA,"DNE"
"1120",2020-10-25,15,1,1,0,0,0,0,0,0,0,0,NA,"DNE"
"1121",2020-10-25,16,1,1,0,0,0,0,0,0,0,0,NA,"DNE"
"1122",2020-10-25,17,1,1,0,0,0,0,0,0,0,0,NA,"DNE"
"1123",2020-10-25,18,1,0,0,0,0,0,0,0,1,0,"; lf pulse","DNE"
"1124",2020-10-25,19,1,0,0,0,0,0,0,0,1,0,"; lf pulse","DNE"
"1125",2020-10-25,20,1,1,0,0,0,0,0,0,1,0,"; ; lf pulse","DNE"
"1126",2020-10-25,21,1,0,0,0,0,0,0,0,1,0,"lf pulse; ","DNE"
"1127",2020-10-25,22,1,0,0,0,0,0,0,0,1,0,"; lf pulse","DNE"
"1128",2020-10-25,23,1,1,0,0,0,0,0,0,1,0,"; lf pulse; ","DNE"
"1129",2020-10-26,0,0,1,0,0,0,0,0,0,1,0,"lf pulse; ","DNE"
"1130",2020-10-26,1,1,1,0,0,0,0,0,0,1,0,"; lf pulse; ","DNE"
"1131",2020-10-26,2,1,1,0,0,0,0,0,0,1,0,"; ; lf pulse","DNE"
"1132",2020-10-26,3,1,1,0,0,0,0,0,0,0,0,NA,"DNE"
"1133",2020-10-26,4,1,0,0,0,0,0,0,0,0,0,NA,"DNE"
"1134",2020-10-26,5,1,0,0,0,0,0,0,0,1,0,"; lf pulse","DNE"
"1135",2020-10-26,6,1,1,0,0,1,0,0,0,2,0,"; lf pulse; ; ; lf pulse","DNE"
"1136",2020-10-26,7,1,1,0,0,0,0,0,0,2,0,"lf pulse; ; ; lf pulse","DNE"
"1137",2020-10-26,8,1,0,0,0,0,0,0,0,1,0,"lf pulse; ","DNE"
"1138",2020-10-26,9,1,1,0,0,0,0,0,0,1,0,"lf pulse; ; ","DNE"
"1139",2020-10-26,10,1,1,0,0,0,0,0,0,1,0,"; lf pulse; ","DNE"
"1140",2020-10-26,11,1,1,0,0,0,0,0,0,0,0,NA,"DNE"
"1141",2020-10-26,12,1,1,0,0,0,0,0,0,1,0,"; lf pulse; ","DNE"
"1142",2020-10-26,13,1,1,0,0,0,0,0,0,2,0,"; ; lf pulse; lf rumble","DNE"
"1143",2020-10-26,14,1,1,0,0,0,0,0,0,1,0,"; ; lf pulse","DNE"
"1144",2020-10-26,15,1,1,0,0,0,0,0,0,1,0,"; ; lf pulse","DNE"
"1145",2020-10-26,16,1,1,0,0,0,0,0,0,0,0,NA,"DNE"
"1146",2020-10-26,17,1,1,0,0,0,0,0,0,0,0,NA,"DNE"
"1147",2020-10-26,18,1,1,0,0,0,0,0,0,1,0,"; ; lf pulse","DNE"
"1148",2020-10-26,19,1,1,0,0,0,0,0,0,1,0,"; ; lf pulse","DNE"
"1149",2020-10-26,20,1,1,0,0,0,0,0,0,1,0,"; ; lf pulse","DNE"
"1150",2020-10-26,21,1,0,0,0,0,0,0,0,2,0,"; lf pulse; vessel?","DNE"
"1151",2020-10-26,22,0,1,0,0,0,0,0,0,1,0,"lf pulse; ","DNE"
"1152",2020-10-26,23,0,0,0,NA,NA,NA,NA,NA,0,0,NA,"DNE"
"1153",2020-10-27,0,0,1,0,0,0,0,0,0,1,0,"lf pulse; ","DNE"
"1154",2020-10-27,1,0,1,0,0,0,0,0,0,1,0,"; lf pulse","DNE"
"1155",2020-10-27,2,1,1,0,0,0,0,0,0,1,0,"; lf pulse; ","DNE"
"1156",2020-10-27,3,1,1,0,0,0,0,0,0,1,0,"; ; lf pulse","DNE"
"1157",2020-10-27,4,1,0,0,0,0,0,0,0,2,0,"lf pulse; ; lf pulse","DNE"
"1158",2020-10-27,5,1,0,0,0,0,0,0,0,1,0,"; lf pulse","DNE"
"1159",2020-10-27,6,1,0,0,0,0,0,0,0,1,0,"; lf pulse","DNE"
"1160",2020-10-27,7,1,0,0,0,0,0,0,0,1,0,"; lf pulse","DNE"
"1161",2020-10-27,8,1,1,0,0,0,0,0,0,2,0,"lf pulse; ; ; lf pulse","DNE"
"1162",2020-10-27,9,1,1,0,0,0,0,0,0,1,0,"; ; lf pulse","DNE"
"1163",2020-10-27,10,1,1,0,0,0,0,0,0,0,0,NA,"DNE"
"1164",2020-10-27,11,1,1,0,0,0,0,0,0,1,0,"; ; vessel?","DNE"
"1165",2020-10-27,12,1,1,0,0,0,0,0,0,1,0,"; ; lf pulse","DNE"
"1166",2020-10-27,13,1,1,0,0,0,0,0,0,1,0,"; ; lf pulse","DNE"
"1167",2020-10-27,14,1,1,0,0,0,0,0,0,1,0,"; ; lf pulse","DNE"
"1168",2020-10-27,15,1,1,0,0,0,0,0,0,0,0,NA,"DNE"
"1169",2020-10-27,16,1,1,0,0,0,0,0,0,0,0,NA,"DNE"
"1170",2020-10-27,17,1,1,0,0,0,0,0,0,1,0,"; ; lf pulse","DNE"
"1171",2020-10-27,18,1,1,0,0,0,0,0,0,1,0,"; ; lf pulse","DNE"
"1172",2020-10-27,19,1,1,0,0,0,0,0,0,1,0,"; ; lf pulse","DNE"
"1173",2020-10-27,20,1,1,0,0,0,0,0,0,0,0,NA,"DNE"
"1174",2020-10-27,21,1,1,0,0,0,0,0,0,0,0,NA,"DNE"
"1175",2020-10-27,22,1,1,0,0,0,0,0,0,0,0,NA,"DNE"
"1176",2020-10-27,23,1,0,0,0,0,0,0,0,1,0,"; lf pulse","DNE"
"1177",2020-10-28,0,0,1,0,0,0,0,0,0,1,0,"lf pulse; ","DNE"
"1178",2020-10-28,1,2,1,0,0,0,0,0,0,2,0,"; lf pulse; ; ; lf pulse","DNE"
"1179",2020-10-28,2,2,1,0,0,0,0,0,0,2,0,"; lf pulse; ; ; lf pulse","DNE"
"1180",2020-10-28,3,2,0,0,0,0,0,0,0,2,0,"; lf pulse; ; lf pulse","DNE"
"1181",2020-10-28,4,2,2,0,0,0,0,0,0,2,0,"; lf pulse; ; ; ; lf pulse","DNE"
"1182",2020-10-28,5,2,1,0,0,0,0,0,0,1,0,"; ; ; lf pulse","DNE"
"1183",2020-10-28,6,2,2,0,0,0,0,0,0,2,0,"; ; lf pulse; ; ; lf pulse","DNE"
"1184",2020-10-28,7,2,1,0,0,0,0,0,0,1,0,"; lf pulse; ; ","DNE"
"1185",2020-10-28,8,2,2,0,0,0,0,0,0,3,0,"lf pulse; ; bal or fish; ; lf pulse; ; ","DNE"
"1186",2020-10-28,9,2,2,0,0,0,0,0,0,2,0,"; ; lf pulse; ; ; bal or fish","DNE"
"1187",2020-10-28,10,2,2,0,0,0,0,0,0,2,0,"; ; bal or fish; ; ; lf pulse","DNE"
"1188",2020-10-28,11,2,2,0,0,0,0,0,0,3,0,"; fish or bal; ; lf pulse; ; lf pulse; ","DNE"
"1189",2020-10-28,12,2,2,0,0,0,0,0,0,3,0,"; ; bal or fish; ; ; bal or fish; lf pusle","DNE"
"1190",2020-10-28,13,2,2,0,0,0,0,0,0,2,0,"; bal or fish; ; ; bal or fish; ","DNE"
"1191",2020-10-28,14,2,2,0,0,0,0,0,0,4,0,"; ; lf pulse; bal or fish; ; bal or fish; ; lf pulse","DNE"
"1192",2020-10-28,15,2,2,0,0,0,0,0,0,4,0,"; ; lf pulse; bal or fish; ; ; bal or fish; lf pulse","DNE"
"1193",2020-10-28,16,2,2,0,0,0,0,0,0,2,0,"; ; lf pulse; ; ; lf pulse","DNE"
"1194",2020-10-28,17,2,2,0,0,0,0,0,0,3,0,"; ; lf pulse; lf pulse; ; ; lf pulse","DNE"
"1195",2020-10-28,18,2,2,0,0,0,0,0,0,4,0,"; ; lf pulse; bal or fish; ; ; lf pulse; ","DNE"
"1196",2020-10-28,19,2,2,0,0,0,0,0,0,4,0,"; ; bal or fish; lf pulse; ; ; bal or fish; lf pulse","DNE"
"1197",2020-10-28,20,2,2,0,0,0,0,0,0,3,0,"; lf pulse; ; ; ; lf pulse; bal or fish","DNE"
"1198",2020-10-28,21,2,2,0,0,0,0,0,0,4,0,"; ; bal or fish; lf pulse; ; ; lf pulse; ","DNE"
"1199",2020-10-28,22,3,3,0,0,0,0,0,0,2,0,"; ; lf pulse; ; ; ; ; lf pulse","DNE"
"1200",2020-10-28,23,1,1,0,0,0,0,0,0,2,0,"lf pulse; ; ; lf pulse","DNE"
"1201",2020-10-29,0,2,2,0,0,0,0,0,0,2,0,"lf pulse; ; ; ; lf pulse; ","DNE"
"1202",2020-10-29,1,0,0,0,NA,NA,NA,NA,NA,0,0,NA,"DNE"
"1203",2020-10-29,2,0,0,0,NA,NA,NA,NA,NA,0,0,NA,"DNE"
"1204",2020-10-29,3,0,0,0,NA,NA,NA,NA,NA,0,0,NA,"DNE"
"1205",2020-10-29,4,0,0,0,NA,NA,NA,NA,NA,0,0,NA,"DNE"
"1206",2020-10-29,5,0,0,0,NA,NA,NA,NA,NA,0,0,NA,"DNE"
"1207",2020-10-29,6,0,0,0,NA,NA,NA,NA,NA,0,0,NA,"DNE"
"1208",2020-10-29,7,0,0,0,NA,NA,NA,NA,NA,0,0,NA,"DNE"
"1209",2020-10-29,8,0,0,0,NA,NA,NA,NA,NA,0,0,NA,"DNE"
"1210",2020-10-29,9,0,0,0,NA,NA,NA,NA,NA,0,0,NA,"DNE"
"1211",2020-10-29,10,0,0,0,NA,NA,NA,NA,NA,0,0,NA,"DNE"
"1212",2020-10-29,11,0,0,0,NA,NA,NA,NA,NA,0,0,NA,"DNE"
"1213",2020-10-29,12,0,0,0,NA,NA,NA,NA,NA,0,0,NA,"DNE"
"1214",2020-10-29,13,0,0,0,NA,NA,NA,NA,NA,0,0,NA,"DNE"
"1215",2020-10-29,14,0,0,0,NA,NA,NA,NA,NA,0,0,NA,"DNE"
"1216",2020-10-29,15,0,0,0,NA,NA,NA,NA,NA,0,0,NA,"DNE"
"1217",2020-10-29,16,0,0,0,NA,NA,NA,NA,NA,0,0,NA,"DNE"
"1218",2020-10-29,17,0,0,0,NA,NA,NA,NA,NA,0,0,NA,"DNE"
"1219",2020-10-29,18,0,0,0,NA,NA,NA,NA,NA,0,0,NA,"DNE"
"1220",2020-10-29,19,0,0,0,NA,NA,NA,NA,NA,0,0,NA,"DNE"
"1221",2020-10-29,20,0,0,0,NA,NA,NA,NA,NA,0,0,NA,"DNE"
"1222",2020-10-29,21,0,0,0,NA,NA,NA,NA,NA,0,0,NA,"DNE"
"1223",2020-10-29,22,0,0,0,NA,NA,NA,NA,NA,0,0,NA,"DNE"
"1224",2020-10-29,23,0,0,0,NA,NA,NA,NA,NA,0,0,NA,"DNE"
"1225",2020-10-30,0,0,0,0,NA,NA,NA,NA,NA,0,0,NA,"DNE"
"1226",2020-10-30,1,1,1,0,0,0,0,0,0,1,0,"; ; lf pulse","DNE"
"1227",2020-10-30,2,0,1,0,0,0,0,0,0,1,0,"; lf pulse","DNE"
"1228",2020-10-30,3,0,2,0,0,0,0,0,0,1,0,"; lf pulse; ","DNE"
"1229",2020-10-30,4,0,1,0,0,0,0,0,0,1,0,"; lf pulse","DNE"
"1230",2020-10-30,5,1,1,0,0,0,0,0,0,1,0,"; ; lf pulse","DNE"
"1231",2020-10-30,6,1,1,0,0,0,0,0,0,1,0,"; lf pulse; ","DNE"
"1232",2020-10-30,7,1,0,0,0,0,0,0,0,1,0,"; lf pulse","DNE"
"1233",2020-10-30,8,1,1,0,0,0,0,0,0,1,0,"lf pulse; ; ","DNE"
"1234",2020-10-30,9,1,1,0,0,0,0,0,0,1,0,"; ; lf pulse","DNE"
"1235",2020-10-30,10,1,1,0,0,0,0,0,0,1,0,"; ; bal or fishj","DNE"
"1236",2020-10-30,11,1,1,0,0,0,0,0,0,1,0,"; ; lf pulse","DNE"
"1237",2020-10-30,12,1,1,0,0,0,0,0,0,0,0,NA,"DNE"
"1238",2020-10-30,13,1,1,0,0,0,0,0,0,2,0,"; ; lf pulse; bal or fish","DNE"
"1239",2020-10-30,14,1,1,0,0,0,0,0,0,1,0,"; ; bal or fish'?","DNE"
"1240",2020-10-30,15,1,1,0,0,0,0,0,0,2,0,"bal or fish; ; ; lf pulse","DNE"
"1241",2020-10-30,16,1,1,0,0,0,0,0,0,1,0,"bal or fish; ; ","DNE"
"1242",2020-10-30,17,1,1,0,0,0,0,0,0,0,0,NA,"DNE"
"1243",2020-10-30,18,1,1,0,0,0,0,0,0,0,0,NA,"DNE"
"1244",2020-10-30,19,1,1,0,0,0,0,0,0,0,0,NA,"DNE"
"1245",2020-10-30,20,1,1,0,0,0,0,0,0,0,0,NA,"DNE"
"1246",2020-10-30,21,1,1,0,0,0,0,0,0,0,0,NA,"DNE"
"1247",2020-10-30,22,1,0,0,0,0,0,0,0,0,0,NA,"DNE"
"1248",2020-10-30,23,0,1,0,0,0,0,0,0,1,0,"; lf pulse","DNE"
"1249",2020-10-31,0,0,1,0,0,0,0,0,0,0,0,NA,"DNE"
"1250",2020-10-31,1,0,1,0,0,0,0,0,0,1,0,"; lf pulse","DNE"
"1251",2020-10-31,2,1,0,0,0,0,0,0,0,1,0,"; lf pulse","DNE"
"1252",2020-10-31,3,1,1,0,0,0,0,0,0,0,0,NA,"DNE"
"1253",2020-10-31,4,1,1,0,0,0,0,0,0,0,0,NA,"DNE"
"1254",2020-10-31,5,1,0,0,0,0,0,0,0,0,0,NA,"DNE"
"1255",2020-10-31,6,1,1,0,0,0,0,0,0,0,0,NA,"DNE"
"1256",2020-10-31,7,1,0,0,0,0,0,0,0,1,0,"; lf pulse","DNE"
"1257",2020-10-31,8,1,1,0,0,0,0,0,0,2,0,"; bal or fish?; lf pulse; ","DNE"
"1258",2020-10-31,9,1,1,0,0,0,0,0,0,0,0,NA,"DNE"
"1259",2020-10-31,10,1,1,0,0,0,0,0,0,0,0,NA,"DNE"
"1260",2020-10-31,11,1,1,0,0,0,0,0,0,0,0,NA,"DNE"
"1261",2020-10-31,12,1,1,0,0,0,0,0,0,0,0,NA,"DNE"
"1262",2020-10-31,13,1,1,0,0,0,0,0,0,1,0,"; ; lf pulse","DNE"
"1263",2020-10-31,14,0,2,0,0,0,0,0,0,0,0,NA,"DNE"
"1264",2020-10-31,15,1,1,0,0,0,0,0,0,1,0,"; ; lf pulse","DNE"
"1265",2020-10-31,16,1,1,0,0,0,0,0,0,0,0,NA,"DNE"
"1266",2020-10-31,17,1,1,0,0,0,0,0,0,0,0,NA,"DNE"
"1267",2020-10-31,18,0,1,0,0,0,0,0,0,0,0,NA,"DNE"
"1268",2020-10-31,19,1,1,0,0,0,0,0,0,1,0,"; lf pulse; ","DNE"
"1269",2020-10-31,20,1,1,0,0,0,0,0,0,1,0,"; ; lf pulse","DNE"
"1270",2020-10-31,21,1,1,0,0,0,0,0,0,0,0,NA,"DNE"
"1271",2020-10-31,22,1,1,0,0,0,0,0,0,0,0,NA,"DNE"
"1272",2020-10-31,23,1,1,0,0,0,0,0,0,0,0,NA,"DNE"
"1273",2020-11-01,0,0,1,0,0,0,0,0,0,0,0,NA,"DNE"
"1274",2020-11-01,1,0,1,0,0,0,0,0,0,0,0,NA,"DNE"
"1275",2020-11-01,2,0,1,0,0,0,0,0,0,1,0,"; lf pulse","DNE"
"1276",2020-11-01,3,0,1,0,0,0,0,0,0,1,0,"; lf pulse","DNE"
"1277",2020-11-01,4,0,1,0,0,0,0,0,0,1,0,"lf pulse; ","DNE"
"1278",2020-11-01,5,0,1,0,0,0,0,0,0,0,0,NA,"DNE"
"1279",2020-11-01,6,1,1,0,0,0,0,0,0,1,0,"; ; lf pulse","DNE"
"1280",2020-11-01,7,1,0,0,0,0,0,0,0,1,0,"; lf pulse","DNE"
"1281",2020-11-01,8,1,0,0,0,0,0,0,0,0,0,NA,"DNE"
"1282",2020-11-01,9,1,0,0,0,0,0,0,0,1,0,"; lf pulse","DNE"
"1283",2020-11-01,10,1,0,0,0,0,0,0,0,0,0,NA,"DNE"
"1284",2020-11-01,11,1,0,0,0,0,0,0,0,0,0,NA,"DNE"
"1285",2020-11-01,12,1,1,0,0,0,0,0,0,0,0,NA,"DNE"
"1286",2020-11-01,13,1,1,0,0,0,0,0,0,0,0,NA,"DNE"
"1287",2020-11-01,14,1,1,0,0,0,0,0,0,0,0,NA,"DNE"
"1288",2020-11-01,15,1,1,0,0,0,0,0,0,1,0,"; ; ","DNE"
"1289",2020-11-01,16,1,1,0,0,0,0,0,0,1,0,"; ; lf pulse","DNE"
"1290",2020-11-01,17,1,0,0,0,0,0,0,0,1,0,"; lf pulse","DNE"
"1291",2020-11-01,18,1,1,0,0,0,0,0,0,1,0,"; ; lf pulse","DNE"
"1292",2020-11-01,19,1,1,0,0,0,0,0,0,1,0,"; ; lf pulse","DNE"
"1293",2020-11-01,20,1,1,0,0,0,0,0,0,2,0,"; ; lf pulse; ","DNE"
"1294",2020-11-01,21,1,0,0,0,0,0,0,0,0,0,NA,"DNE"
"1295",2020-11-01,22,1,0,0,0,0,0,0,0,1,0,"; lf pulse","DNE"
"1296",2020-11-01,23,0,0,0,NA,NA,NA,NA,NA,0,0,NA,"DNE"
"1297",2020-11-02,0,0,1,0,0,0,0,0,0,0,0,NA,"DNE"
"1298",2020-11-02,1,0,1,0,0,0,0,0,0,1,0,"; lf pulse","DNE"
"1299",2020-11-02,2,1,0,0,0,0,0,0,0,0,0,NA,"DNE"
"1300",2020-11-02,3,1,0,0,0,0,0,0,0,1,0,"bal or fish?; ","DNE"
"1301",2020-11-02,4,0,1,0,0,0,0,0,0,0,0,NA,"DNE"
"1302",2020-11-02,5,0,1,0,0,0,0,0,0,0,0,NA,"DNE"
"1303",2020-11-02,6,1,0,0,0,0,0,0,0,0,0,NA,"DNE"
"1304",2020-11-02,7,1,0,0,0,0,0,0,0,0,0,NA,"DNE"
"1305",2020-11-02,8,1,0,0,0,0,0,0,0,1,0,"; lf pulse","DNE"
"1306",2020-11-02,9,1,0,0,0,0,0,0,0,0,0,NA,"DNE"
"1307",2020-11-02,10,1,0,0,0,0,0,0,0,0,0,NA,"DNE"
"1308",2020-11-02,11,1,0,0,0,0,0,0,0,0,0,NA,"DNE"
"1309",2020-11-02,12,1,0,0,0,0,0,0,0,0,0,NA,"DNE"
"1310",2020-11-02,13,1,1,0,0,0,0,0,0,0,0,NA,"DNE"
"1311",2020-11-02,14,1,1,0,0,0,0,0,0,0,0,NA,"DNE"
"1312",2020-11-02,15,1,1,0,0,0,0,0,0,0,0,NA,"DNE"
"1313",2020-11-02,16,1,1,0,0,0,0,0,0,0,0,NA,"DNE"
"1314",2020-11-02,17,0,1,0,0,0,0,0,0,0,0,NA,"DNE"
"1315",2020-11-02,18,0,1,0,0,0,0,0,0,0,0,NA,"DNE"
"1316",2020-11-02,19,0,1,0,0,0,0,0,0,1,0,"; lf pulse","DNE"
"1317",2020-11-02,20,1,0,0,0,0,0,0,0,2,0,"; ; lf pulse\","DNE"
"1318",2020-11-02,21,1,0,0,0,0,0,0,0,2,0,"; ]; lf pulse","DNE"
"1319",2020-11-02,22,1,0,0,0,0,0,0,0,0,0,NA,"DNE"
"1320",2020-11-02,23,1,0,0,0,0,0,0,0,0,0,NA,"DNE"
"1321",2020-11-03,0,1,0,0,0,0,0,0,0,1,0,"; bal or fish","DNE"
"1322",2020-11-03,1,1,1,0,0,0,0,0,0,0,0,NA,"DNE"
"1323",2020-11-03,2,1,0,0,0,0,0,0,0,0,0,NA,"DNE"
"1324",2020-11-03,3,1,0,0,0,0,0,0,0,1,0,"; lf pulse","DNE"
"1325",2020-11-03,4,0,1,0,0,0,0,0,0,0,0,NA,"DNE"
"1326",2020-11-03,5,0,1,0,0,0,0,0,0,0,0,NA,"DNE"
"1327",2020-11-03,6,1,1,0,0,0,0,0,0,0,0,NA,"DNE"
"1328",2020-11-03,7,1,0,0,0,0,0,0,0,0,0,NA,"DNE"
"1329",2020-11-03,8,1,0,0,0,0,0,0,0,1,0,"; lf pulse","DNE"
"1330",2020-11-03,9,1,0,0,0,0,0,0,0,0,0,NA,"DNE"
"1331",2020-11-03,10,1,1,0,0,0,0,0,0,1,0,"; lf pulse; ","DNE"
"1332",2020-11-03,11,1,1,0,0,0,0,0,0,0,0,NA,"DNE"
"1333",2020-11-03,12,1,0,0,0,0,0,0,0,0,0,NA,"DNE"
"1334",2020-11-03,13,1,1,0,0,0,0,0,0,0,0,NA,"DNE"
"1335",2020-11-03,14,1,1,0,0,0,0,0,0,1,0,"; lf pulse; ","DNE"
"1336",2020-11-03,15,1,1,0,0,0,0,0,0,2,0,"; lf pulse; ; ","DNE"
"1337",2020-11-03,16,1,0,0,0,0,0,0,0,1,0,"; lf pulse","DNE"
"1338",2020-11-03,17,1,1,0,0,0,0,0,0,0,0,NA,"DNE"
"1339",2020-11-03,18,1,0,0,0,0,0,0,0,0,0,NA,"DNE"
"1340",2020-11-03,19,1,0,0,0,0,0,0,0,0,0,NA,"DNE"
"1341",2020-11-03,20,1,1,0,0,0,0,0,0,1,0,"; ; lf pulse","DNE"
"1342",2020-11-03,21,1,1,0,0,0,0,0,0,2,0,"lf pulse; ; ; bal or fish","DNE"
"1343",2020-11-03,22,1,1,0,0,0,0,0,0,0,0,NA,"DNE"
"1344",2020-11-03,23,1,0,0,0,0,0,0,0,0,0,NA,"DNE"
"1345",2020-11-04,0,1,0,0,0,0,0,0,0,0,0,NA,"DNE"
"1346",2020-11-04,1,0,1,0,0,0,0,0,0,0,0,NA,"DNE"
"1347",2020-11-04,2,0,1,0,0,0,0,0,0,0,0,NA,"DNE"
"1348",2020-11-04,3,2,0,0,0,0,0,0,0,1,0,"; ; lf pulse","DNE"
"1349",2020-11-04,4,0,1,0,0,0,0,0,0,1,0,"; lf pulse","DNE"
"1350",2020-11-04,5,0,1,0,0,0,0,0,0,0,0,NA,"DNE"
"1351",2020-11-04,6,0,1,0,0,0,0,0,0,0,0,NA,"DNE"
"1352",2020-11-04,7,1,0,0,0,0,0,0,0,0,0,NA,"DNE"
"1353",2020-11-04,8,1,0,0,0,0,0,0,0,1,0,"; lf pulse","DNE"
"1354",2020-11-04,9,1,0,0,0,0,0,0,0,1,0,"; lf pulse","DNE"
"1355",2020-11-04,10,1,1,0,0,0,0,0,0,0,0,NA,"DNE"
"1356",2020-11-04,11,1,0,0,0,0,0,0,0,0,0,NA,"DNE"
"1357",2020-11-04,12,1,1,0,0,0,0,0,0,0,0,NA,"DNE"
"1358",2020-11-04,13,1,0,0,0,0,0,0,0,1,0,"; lf pulse","DNE"
"1359",2020-11-04,14,0,0,0,NA,NA,NA,NA,NA,0,0,NA,"DNE"
"1360",2020-11-04,15,0,0,0,NA,NA,NA,NA,NA,0,0,NA,"DNE"
"1361",2020-11-04,16,0,0,0,NA,NA,NA,NA,NA,0,0,NA,"DNE"
"1362",2020-11-04,17,0,0,0,NA,NA,NA,NA,NA,0,0,NA,"DNE"
"1363",2020-11-04,18,0,0,0,NA,NA,NA,NA,NA,0,0,NA,"DNE"
"1364",2020-11-04,19,0,0,0,NA,NA,NA,NA,NA,0,0,NA,"DNE"
"1365",2020-11-04,20,0,0,0,NA,NA,NA,NA,NA,0,0,NA,"DNE"
"1366",2020-11-04,21,0,0,0,NA,NA,NA,NA,NA,0,0,NA,"DNE"
"1367",2020-11-04,22,0,0,0,NA,NA,NA,NA,NA,0,0,NA,"DNE"
"1368",2020-11-04,23,0,0,0,NA,NA,NA,NA,NA,0,0,NA,"DNE"
