SiteID,Start.date,Start.hour,PresentTotal,PresenceTime,CPAPresent,TBPresent,ManeuverCPAPres,ManeuverTAPres,TAPresent,VesselCount,HumpbackPresent,DolphinPresent,Baleen,Minke,FishChorusP,SnappingShrimp,Notes,ExtraNotes,Biology,Weekday
West Pimpernel,8/10/2018,9,1,,0,2,0,1,0,3,1,0,0,0,0,1,,fish chorus range 200-500,"Baleen Whales, Snapping Shrimp",Friday
West Pimpernel,8/10/2018,10,1,,0,4,0,0,0,4,1,0,0,0,0,1,,,"Baleen Whales, Snapping Shrimp",Friday
West Pimpernel,8/10/2018,11,1,,0,0,0,1,0,1,1,0,0,0,0,1,,,"Baleen Whales, Snapping Shrimp",Friday
West Pimpernel,8/10/2018,12,1,,1,1,0,1,0,3,1,0,0,0,0,1,,,"Baleen Whales, Snapping Shrimp",Friday
West Pimpernel,8/10/2018,13,0,,0,0,0,0,0,0,1,0,0,0,0,1,,,"Baleen Whales, Snapping Shrimp",Friday
West Pimpernel,8/10/2018,14,0,,0,0,0,0,0,0,1,0,0,0,0,1,,,"Baleen Whales, Snapping Shrimp",Friday
West Pimpernel,8/10/2018,15,0,,0,0,0,0,0,0,1,0,0,0,0,1,,,"Baleen Whales, Snapping Shrimp",Friday
West Pimpernel,8/10/2018,16,0,,0,0,0,0,0,0,1,0,0,0,0,1,,,"Baleen Whales, Snapping Shrimp",Friday
West Pimpernel,8/10/2018,17,0,,0,0,0,0,0,0,1,0,0,0,1,1,"250 hz, 1-2 khz",,"Baleen Whales, Fish Chorus, Snapping Shrimp",Friday
West Pimpernel,8/10/2018,18,0,,0,0,0,0,0,0,1,0,0,0,1,1,"250 hz, 1-2 khz",,"Baleen Whales, Fish Chorus, Snapping Shrimp",Friday
West Pimpernel,8/10/2018,19,0,,0,0,0,0,0,0,1,0,0,0,1,1,500 hz,,"Baleen Whales, Fish Chorus, Snapping Shrimp",Friday
West Pimpernel,8/10/2018,20,0,,0,0,0,0,0,0,1,1,0,0,1,1,500 hz,,"Baleen Whales, Delphinid spp., Fish Chorus, Snapping Shrimp",Friday
West Pimpernel,8/10/2018,21,1,,0,0,0,0,1,1,1,0,0,0,0,1,,,"Baleen Whales, Snapping Shrimp",Friday
West Pimpernel,8/10/2018,22,1,,0,1,0,0,0,1,1,0,0,0,0,1,,,"Baleen Whales, Snapping Shrimp",Friday
West Pimpernel,8/10/2018,23,1,,0,1,0,0,0,1,1,0,0,0,0,1,,,"Baleen Whales, Snapping Shrimp",Friday
West Pimpernel,8/11/2018,0,0,,0,0,0,0,0,0,1,0,0,0,0,1,,,"Baleen Whales, Snapping Shrimp",Saturday
West Pimpernel,8/11/2018,1,0,,0,0,0,0,0,0,1,0,0,0,0,1,,,"Baleen Whales, Snapping Shrimp",Saturday
West Pimpernel,8/11/2018,2,0,,0,0,0,0,0,0,1,0,0,0,0,1,,,"Baleen Whales, Snapping Shrimp",Saturday
West Pimpernel,8/11/2018,3,0,,0,0,0,0,0,0,1,0,0,0,0,1,,,"Baleen Whales, Snapping Shrimp",Saturday
West Pimpernel,8/11/2018,4,0,,0,0,0,0,0,0,1,0,0,0,0,1,,,"Baleen Whales, Snapping Shrimp",Saturday
West Pimpernel,8/11/2018,5,0,,0,0,0,0,0,0,1,0,0,0,1,1,1-2 khz,,"Baleen Whales, Fish Chorus, Snapping Shrimp",Saturday
West Pimpernel,8/11/2018,6,1,,0,2,0,0,0,2,1,0,0,0,0,1,,,"Baleen Whales, Snapping Shrimp",Saturday
West Pimpernel,8/11/2018,7,1,,0,4,0,0,1,6,1,0,0,0,0,1,,,"Baleen Whales, Snapping Shrimp",Saturday
West Pimpernel,8/11/2018,8,1,,0,4,0,1,0,5,1,0,0,0,0,1,,,"Baleen Whales, Snapping Shrimp",Saturday
West Pimpernel,8/11/2018,9,1,,0,2,0,1,0,3,1,0,0,0,0,1,,,"Baleen Whales, Snapping Shrimp",Saturday
West Pimpernel,8/11/2018,10,1,,0,2,0,0,1,3,1,0,0,0,0,1,,,"Baleen Whales, Snapping Shrimp",Saturday
West Pimpernel,8/11/2018,11,1,,0,0,0,0,1,1,1,0,0,0,0,1,,,"Baleen Whales, Snapping Shrimp",Saturday
West Pimpernel,8/11/2018,12,0,,0,0,0,0,0,0,1,0,0,0,0,1,,,"Baleen Whales, Snapping Shrimp",Saturday
West Pimpernel,8/11/2018,13,1,,0,0,0,0,1,1,1,0,0,0,0,1,,,"Baleen Whales, Snapping Shrimp",Saturday
West Pimpernel,8/11/2018,14,0,,0,0,0,0,0,0,1,0,0,0,0,1,,,"Baleen Whales, Snapping Shrimp",Saturday
West Pimpernel,8/11/2018,15,0,,0,0,0,0,0,0,1,0,0,0,0,1,,,"Baleen Whales, Snapping Shrimp",Saturday
West Pimpernel,8/11/2018,16,0,,0,0,0,0,0,0,1,0,0,0,0,1,,,"Baleen Whales, Snapping Shrimp",Saturday
West Pimpernel,8/11/2018,17,0,,0,0,0,0,0,0,1,0,0,0,1,1,"250 hz, 1-2 khz",,"Baleen Whales, Fish Chorus, Snapping Shrimp",Saturday
West Pimpernel,8/11/2018,18,0,,0,0,0,0,0,0,1,0,0,0,1,1,"500 hz, 1-2 khz",,"Baleen Whales, Fish Chorus, Snapping Shrimp",Saturday
West Pimpernel,8/11/2018,19,0,,0,0,0,0,0,0,1,0,0,0,1,1,500 hz,,"Baleen Whales, Fish Chorus, Snapping Shrimp",Saturday
West Pimpernel,8/11/2018,20,0,,0,0,0,0,0,0,1,0,0,0,1,1,500 hz,,"Baleen Whales, Fish Chorus, Snapping Shrimp",Saturday
West Pimpernel,8/11/2018,21,0,,0,0,0,0,0,0,1,0,0,0,1,1,500 hz,,"Baleen Whales, Fish Chorus, Snapping Shrimp",Saturday
West Pimpernel,8/11/2018,22,0,,0,0,0,0,0,0,1,1,0,0,1,1,500 hz,call from 17-24 khz 22:28:45,"Baleen Whales, Delphinid spp., Fish Chorus, Snapping Shrimp",Saturday
West Pimpernel,8/11/2018,23,0,,0,0,0,0,0,0,1,0,0,0,0,1,,"same call, 14 khz start, 23:15:51 catlike?","Baleen Whales, Snapping Shrimp",Saturday
West Pimpernel,8/12/2018,0,0,,0,0,0,0,0,0,1,0,0,0,0,1,,,"Baleen Whales, Snapping Shrimp",Sunday
West Pimpernel,8/12/2018,1,0,,0,0,0,0,0,0,1,1,0,0,0,1,,,"Baleen Whales, Delphinid spp., Snapping Shrimp",Sunday
West Pimpernel,8/12/2018,2,0,,0,0,0,0,0,0,1,0,0,0,0,1,,,"Baleen Whales, Snapping Shrimp",Sunday
West Pimpernel,8/12/2018,3,0,,0,0,0,0,0,0,1,0,0,0,0,1,,,"Baleen Whales, Snapping Shrimp",Sunday
West Pimpernel,8/12/2018,4,0,,0,0,0,0,0,0,1,0,0,0,0,1,,,"Baleen Whales, Snapping Shrimp",Sunday
West Pimpernel,8/12/2018,5,0,,0,0,0,0,0,0,1,0,0,0,1,1,1-2 khz,,"Baleen Whales, Fish Chorus, Snapping Shrimp",Sunday
West Pimpernel,8/12/2018,6,0,,0,0,0,0,0,0,1,0,0,0,0,1,,,"Baleen Whales, Snapping Shrimp",Sunday
West Pimpernel,8/12/2018,7,0,,0,0,0,0,0,0,1,0,0,0,0,1,,,"Baleen Whales, Snapping Shrimp",Sunday
West Pimpernel,8/12/2018,8,0,,0,0,0,0,0,0,1,0,0,0,0,1,,,"Baleen Whales, Snapping Shrimp",Sunday
West Pimpernel,8/12/2018,9,1,,0,1,0,0,0,1,1,0,0,0,0,1,,,"Baleen Whales, Snapping Shrimp",Sunday
West Pimpernel,8/12/2018,10,1,,0,0,0,0,0,1,1,0,0,0,0,1,,,"Baleen Whales, Snapping Shrimp",Sunday
West Pimpernel,8/12/2018,11,0,,0,0,0,0,0,0,1,0,0,0,0,1,,,"Baleen Whales, Snapping Shrimp",Sunday
West Pimpernel,8/12/2018,12,1,,0,1,0,0,0,1,1,0,0,0,0,1,,,"Baleen Whales, Snapping Shrimp",Sunday
West Pimpernel,8/12/2018,13,0,,0,0,0,0,0,0,1,1,0,0,0,1,,,"Baleen Whales, Delphinid spp., Snapping Shrimp",Sunday
West Pimpernel,8/12/2018,14,0,,0,0,0,0,0,0,1,0,0,0,0,1,,,"Baleen Whales, Snapping Shrimp",Sunday
West Pimpernel,8/12/2018,15,0,,0,0,0,0,0,0,1,0,0,0,0,1,,,"Baleen Whales, Snapping Shrimp",Sunday
West Pimpernel,8/12/2018,16,0,,0,0,0,0,0,0,1,0,0,0,0,1,,,"Baleen Whales, Snapping Shrimp",Sunday
West Pimpernel,8/12/2018,17,0,,0,0,0,0,0,0,1,0,0,0,1,1,"250 hz, 1-2 khz",,"Baleen Whales, Fish Chorus, Snapping Shrimp",Sunday
West Pimpernel,8/12/2018,18,0,,0,0,0,0,0,0,1,1,0,0,1,1,"500 hz, 1-2 khz","call? From 17-24 khz, 18:37:28","Baleen Whales, Delphinid spp., Fish Chorus, Snapping Shrimp",Sunday
West Pimpernel,8/12/2018,19,0,,0,0,0,0,0,0,1,1,0,0,0,1,,squeaky dolphin/fish calls and clicks at 19:29:51,"Baleen Whales, Delphinid spp., Snapping Shrimp",Sunday
West Pimpernel,8/12/2018,20,0,,0,0,0,0,0,0,1,1,0,0,0,1,,,"Baleen Whales, Delphinid spp., Snapping Shrimp",Sunday
West Pimpernel,8/12/2018,21,0,,0,0,0,0,0,0,1,0,0,0,0,1,,,"Baleen Whales, Snapping Shrimp",Sunday
West Pimpernel,8/12/2018,22,0,,0,0,0,0,0,0,1,0,0,0,0,1,,,"Baleen Whales, Snapping Shrimp",Sunday
West Pimpernel,8/12/2018,23,0,,0,0,0,0,0,0,1,0,0,0,0,1,,,"Baleen Whales, Snapping Shrimp",Sunday
West Pimpernel,8/13/2018,0,0,,0,0,0,0,0,0,1,1,0,0,0,1,,,"Baleen Whales, Delphinid spp., Snapping Shrimp",Monday
West Pimpernel,8/13/2018,1,0,,0,0,0,0,0,0,1,0,0,0,0,1,,,"Baleen Whales, Snapping Shrimp",Monday
West Pimpernel,8/13/2018,2,0,,0,0,0,0,0,0,1,0,0,0,0,1,,,"Baleen Whales, Snapping Shrimp",Monday
West Pimpernel,8/13/2018,3,0,,0,0,0,0,0,0,1,0,0,0,0,1,,,"Baleen Whales, Snapping Shrimp",Monday
West Pimpernel,8/13/2018,4,0,,0,0,0,0,0,0,1,1,0,0,0,1,,,"Baleen Whales, Delphinid spp., Snapping Shrimp",Monday
West Pimpernel,8/13/2018,5,0,,0,0,0,0,0,0,1,0,0,0,1,1,1-2 khz,,"Baleen Whales, Fish Chorus, Snapping Shrimp",Monday
West Pimpernel,8/13/2018,6,0,,0,0,0,0,0,0,1,0,0,0,0,1,,,"Baleen Whales, Snapping Shrimp",Monday
West Pimpernel,8/13/2018,7,0,,0,0,0,0,0,0,1,0,0,0,0,1,,,"Baleen Whales, Snapping Shrimp",Monday
West Pimpernel,8/13/2018,8,0,,0,0,0,0,0,0,1,0,1,0,0,1,,possible RW downsweep 08:44:52,"Baleen Whales, Snapping Shrimp",Monday
West Pimpernel,8/13/2018,9,1,,0,1,0,0,0,1,1,1,0,0,0,1,,,"Baleen Whales, Delphinid spp., Snapping Shrimp",Monday
West Pimpernel,8/13/2018,10,0,,0,0,0,0,0,0,1,0,0,0,0,1,,,"Baleen Whales, Snapping Shrimp",Monday
West Pimpernel,8/13/2018,11,0,,0,0,0,0,0,0,1,0,0,0,0,1,,,"Baleen Whales, Snapping Shrimp",Monday
West Pimpernel,8/13/2018,12,0,,0,0,0,0,0,0,1,0,0,0,0,1,,,"Baleen Whales, Snapping Shrimp",Monday
West Pimpernel,8/13/2018,13,0,,0,0,0,0,0,0,1,0,0,0,0,1,,,"Baleen Whales, Snapping Shrimp",Monday
West Pimpernel,8/13/2018,14,0,,0,0,0,0,0,0,1,0,0,0,0,1,,,"Baleen Whales, Snapping Shrimp",Monday
West Pimpernel,8/13/2018,15,0,,0,0,0,0,0,0,1,0,0,0,0,1,,,"Baleen Whales, Snapping Shrimp",Monday
West Pimpernel,8/13/2018,16,0,,0,0,0,0,0,0,1,0,0,0,0,1,,,"Baleen Whales, Snapping Shrimp",Monday
West Pimpernel,8/13/2018,17,0,,0,0,0,0,0,0,1,0,0,0,1,1,"1-2 khz, 250 hz",,"Baleen Whales, Fish Chorus, Snapping Shrimp",Monday
West Pimpernel,8/13/2018,18,0,,0,0,0,0,0,0,1,0,0,0,1,1,"1-2 khz, 250 hz",,"Baleen Whales, Delphinid spp., Fish Chorus, Snapping Shrimp",Monday
West Pimpernel,8/13/2018,19,0,,0,0,0,0,0,0,1,1,0,0,1,1,500 hz,,"Baleen Whales, Delphinid spp., Fish Chorus, Snapping Shrimp",Monday
West Pimpernel,8/13/2018,20,0,,0,0,0,0,0,0,1,0,0,0,1,1,500 hz,,"Baleen Whales, Fish Chorus, Snapping Shrimp",Monday
West Pimpernel,8/13/2018,21,0,,0,0,0,0,0,0,1,0,0,0,1,1,500 hz,,"Baleen Whales, Fish Chorus, Snapping Shrimp",Monday
West Pimpernel,8/13/2018,22,0,,0,0,0,0,0,0,1,0,0,0,1,1,500 hz,,"Baleen Whales, Fish Chorus, Snapping Shrimp",Monday
West Pimpernel,8/13/2018,23,0,,0,0,0,0,0,0,1,0,0,0,0,1,,,"Baleen Whales, Snapping Shrimp",Monday
West Pimpernel,8/14/2018,0,0,,0,0,0,0,0,0,1,0,0,0,0,1,,,"Baleen Whales, Snapping Shrimp",Tuesday
West Pimpernel,8/14/2018,1,0,,0,0,0,0,0,0,1,0,0,0,0,1,,,"Baleen Whales, Snapping Shrimp",Tuesday
West Pimpernel,8/14/2018,2,0,,0,0,0,0,0,0,1,0,0,0,0,1,,,"Baleen Whales, Snapping Shrimp",Tuesday
West Pimpernel,8/14/2018,3,0,,0,0,0,0,0,0,1,0,0,0,0,1,,,"Baleen Whales, Snapping Shrimp",Tuesday
West Pimpernel,8/14/2018,4,0,,0,0,0,0,0,0,1,0,0,0,0,1,,,"Baleen Whales, Snapping Shrimp",Tuesday
West Pimpernel,8/14/2018,5,0,,0,0,0,0,0,0,1,0,0,0,1,1,1-2 khz,,"Baleen Whales, Fish Chorus, Snapping Shrimp",Tuesday
West Pimpernel,8/14/2018,6,0,,0,0,0,0,0,0,1,0,0,0,0,1,,,"Baleen Whales, Snapping Shrimp",Tuesday
West Pimpernel,8/14/2018,7,0,,0,0,0,0,0,0,1,0,0,0,0,1,,,"Baleen Whales, Snapping Shrimp",Tuesday
West Pimpernel,8/14/2018,8,1,,0,1,0,0,0,1,1,0,0,0,0,1,,,"Baleen Whales, Snapping Shrimp",Tuesday
West Pimpernel,8/14/2018,9,1,,0,0,0,1,3,4,1,0,0,0,0,1,,,"Baleen Whales, Snapping Shrimp",Tuesday
West Pimpernel,8/14/2018,10,1,,0,3,0,1,1,5,1,0,0,0,0,1,,,"Baleen Whales, Snapping Shrimp",Tuesday
West Pimpernel,8/14/2018,11,1,,1,1,0,0,0,3,1,0,0,0,0,1,,,"Baleen Whales, Snapping Shrimp",Tuesday
West Pimpernel,8/14/2018,12,1,,0,2,1,0,0,3,1,0,0,0,0,1,,,"Baleen Whales, Snapping Shrimp",Tuesday
West Pimpernel,8/14/2018,13,1,,0,1,0,0,0,1,1,0,0,0,0,1,,,"Baleen Whales, Snapping Shrimp",Tuesday
West Pimpernel,8/14/2018,14,1,,0,1,0,0,0,1,1,0,0,0,0,1,,,"Baleen Whales, Snapping Shrimp",Tuesday
West Pimpernel,8/14/2018,15,1,,0,0,0,0,0,1,1,0,0,0,0,1,,,"Baleen Whales, Snapping Shrimp",Tuesday
West Pimpernel,8/14/2018,16,0,,0,0,0,0,0,0,1,0,0,0,0,1,,,"Baleen Whales, Snapping Shrimp",Tuesday
West Pimpernel,8/14/2018,17,0,,0,0,0,0,0,0,1,0,0,0,1,1,"1-2 khz, 250 hz",,"Baleen Whales, Fish Chorus, Snapping Shrimp",Tuesday
West Pimpernel,8/14/2018,18,0,,0,0,0,0,0,0,1,1,1,0,1,1,"1-2 khz, 250 hz",unk baleen downsweeps at 18:49:23,"Baleen Whales, Delphinid spp., Fish Chorus, Snapping Shrimp",Tuesday
West Pimpernel,8/14/2018,19,0,,0,0,0,0,0,0,1,0,0,0,1,1,500 hz,,"Baleen Whales, Fish Chorus, Snapping Shrimp",Tuesday
West Pimpernel,8/14/2018,20,0,,0,0,0,0,0,0,1,1,0,0,1,1,500 hz,"call from 18-24 khz, 20:48:36","Baleen Whales, Delphinid spp., Fish Chorus, Snapping Shrimp",Tuesday
West Pimpernel,8/14/2018,21,0,,0,0,0,0,0,0,1,0,0,0,1,1,500 hz,,"Baleen Whales, Fish Chorus, Snapping Shrimp",Tuesday
West Pimpernel,8/14/2018,22,0,,0,0,0,0,0,0,1,0,0,0,0,1,,,"Baleen Whales, Snapping Shrimp",Tuesday
West Pimpernel,8/14/2018,23,0,,0,0,0,0,0,0,1,0,0,0,0,1,,,"Baleen Whales, Snapping Shrimp",Tuesday
West Pimpernel,8/15/2018,0,0,,0,0,0,0,0,0,1,0,0,0,0,1,,,"Baleen Whales, Snapping Shrimp",Wednesday
West Pimpernel,8/15/2018,1,0,,0,0,0,0,0,0,1,0,0,0,0,1,,,"Baleen Whales, Snapping Shrimp",Wednesday
West Pimpernel,8/15/2018,2,1,,0,1,0,0,0,1,1,0,0,0,0,1,,,"Baleen Whales, Snapping Shrimp",Wednesday
West Pimpernel,8/15/2018,3,0,,0,0,0,0,0,0,1,0,0,0,0,1,,,"Baleen Whales, Snapping Shrimp",Wednesday
West Pimpernel,8/15/2018,4,1,,0,1,0,0,0,1,1,0,0,0,0,1,,,"Baleen Whales, Snapping Shrimp",Wednesday
West Pimpernel,8/15/2018,5,0,,0,0,0,0,0,0,1,0,0,0,1,1,500 hz,,"Baleen Whales, Fish Chorus, Snapping Shrimp",Wednesday
West Pimpernel,8/15/2018,6,0,,0,0,0,0,0,0,1,0,1,0,0,1,,unk baleen call 06:50:07,"Baleen Whales, Snapping Shrimp",Wednesday
West Pimpernel,8/15/2018,7,1,,0,1,0,0,0,1,1,0,0,0,0,1,,unk baleen 07:21:24. possibly RW?,"Baleen Whales, Snapping Shrimp",Wednesday
West Pimpernel,8/15/2018,8,1,,0,1,0,0,0,2,1,0,0,0,0,1,,,"Baleen Whales, Snapping Shrimp",Wednesday
West Pimpernel,8/15/2018,9,1,,0,1,0,0,0,1,1,0,0,0,0,1,,,"Baleen Whales, Snapping Shrimp",Wednesday
West Pimpernel,8/15/2018,10,0,,0,0,0,0,0,0,1,1,0,0,0,1,,,"Baleen Whales, Delphinid spp., Snapping Shrimp",Wednesday
West Pimpernel,8/15/2018,11,0,,0,0,0,0,0,0,1,0,0,0,0,1,,,"Baleen Whales, Snapping Shrimp",Wednesday
West Pimpernel,8/15/2018,12,0,,0,0,0,0,0,0,1,0,0,0,0,1,,,"Baleen Whales, Snapping Shrimp",Wednesday
West Pimpernel,8/15/2018,13,0,,0,0,0,0,0,0,1,0,0,0,0,1,,,"Baleen Whales, Snapping Shrimp",Wednesday
West Pimpernel,8/15/2018,14,0,,0,0,0,0,0,0,1,0,0,0,0,1,,,"Baleen Whales, Snapping Shrimp",Wednesday
West Pimpernel,8/15/2018,15,0,,0,0,0,0,0,0,1,0,0,0,0,1,,,"Baleen Whales, Snapping Shrimp",Wednesday
West Pimpernel,8/15/2018,16,0,,0,0,0,0,0,0,1,0,0,0,0,1,,,"Baleen Whales, Snapping Shrimp",Wednesday
West Pimpernel,8/15/2018,17,0,,0,0,0,0,0,0,1,0,0,0,1,1,"1-2 khz, 250 hz",,"Baleen Whales, Fish Chorus, Snapping Shrimp",Wednesday
West Pimpernel,8/15/2018,18,0,,0,0,0,0,0,0,1,0,0,0,1,1,"1-2 khz, 250 hz",,"Baleen Whales, Fish Chorus, Snapping Shrimp",Wednesday
West Pimpernel,8/15/2018,19,0,,0,0,0,0,0,0,1,1,0,0,1,1,500 hz,call from 15-24 khz 19:57:24,"Baleen Whales, Delphinid spp., Fish Chorus, Snapping Shrimp",Wednesday
West Pimpernel,8/15/2018,20,1,,0,0,0,0,1,1,1,0,0,0,1,1,500 hz,faint,"Baleen Whales, Fish Chorus, Snapping Shrimp",Wednesday
West Pimpernel,8/15/2018,21,0,,0,0,0,0,0,0,1,0,0,0,0,1,,,"Baleen Whales, Snapping Shrimp",Wednesday
West Pimpernel,8/15/2018,22,0,,0,0,0,0,0,0,1,0,0,0,0,1,,,"Baleen Whales, Snapping Shrimp",Wednesday
West Pimpernel,8/15/2018,23,1,,0,1,0,0,0,1,1,0,0,0,0,1,,,"Baleen Whales, Snapping Shrimp",Wednesday
West Pimpernel,8/16/2018,0,1,,0,0,0,0,0,1,1,0,0,0,0,1,,,"Baleen Whales, Snapping Shrimp",Thursday
West Pimpernel,8/16/2018,1,0,,0,0,0,0,0,0,1,0,0,0,0,1,,,"Baleen Whales, Snapping Shrimp",Thursday
West Pimpernel,8/16/2018,2,0,,0,0,0,0,0,0,1,0,0,0,0,1,,,"Baleen Whales, Snapping Shrimp",Thursday
West Pimpernel,8/16/2018,3,0,,0,0,0,0,0,0,1,0,0,0,0,1,3:13:51 15 khz,,"Baleen Whales, Snapping Shrimp",Thursday
West Pimpernel,8/16/2018,4,0,,0,0,0,0,0,0,1,0,0,0,0,1,,,"Baleen Whales, Snapping Shrimp",Thursday
West Pimpernel,8/16/2018,5,0,,0,0,0,0,0,0,1,0,0,0,1,1,1-2 khz,,"Baleen Whales, Fish Chorus, Snapping Shrimp",Thursday
West Pimpernel,8/16/2018,6,0,,0,0,0,0,0,0,1,0,0,0,0,1,,unknown LF baleen call 06:02:24 and 06:02:44,"Baleen Whales, Snapping Shrimp",Thursday
West Pimpernel,8/16/2018,7,0,,0,0,0,0,0,0,1,0,0,0,0,1,,,"Baleen Whales, Snapping Shrimp",Thursday
West Pimpernel,8/16/2018,8,1,,0,1,0,0,0,1,1,0,0,0,0,1,,,"Baleen Whales, Snapping Shrimp",Thursday
West Pimpernel,8/16/2018,9,1,,0,1,0,0,0,1,1,0,0,0,0,1,,,"Baleen Whales, Snapping Shrimp",Thursday
West Pimpernel,8/16/2018,10,0,,0,0,0,0,0,0,1,0,0,0,0,1,,,"Baleen Whales, Snapping Shrimp",Thursday
West Pimpernel,8/16/2018,11,0,,0,0,0,0,0,0,1,0,0,0,0,1,,,"Baleen Whales, Snapping Shrimp",Thursday
West Pimpernel,8/16/2018,12,1,,1,0,0,0,0,1,1,0,0,0,0,1,,,"Baleen Whales, Snapping Shrimp",Thursday
West Pimpernel,8/16/2018,13,0,,0,0,0,0,0,0,1,0,0,0,0,1,,,"Baleen Whales, Snapping Shrimp",Thursday
West Pimpernel,8/16/2018,14,1,,0,0,0,0,1,1,1,0,0,0,0,1,,,"Baleen Whales, Snapping Shrimp",Thursday
West Pimpernel,8/16/2018,15,1,,0,0,0,0,0,1,1,0,0,0,0,1,,,"Baleen Whales, Snapping Shrimp",Thursday
West Pimpernel,8/16/2018,16,1,,0,1,0,0,0,1,1,0,0,0,0,1,,,"Baleen Whales, Snapping Shrimp",Thursday
West Pimpernel,8/16/2018,17,0,,0,0,0,0,0,0,1,1,0,0,1,1,"1-2 khz, 250 hz",,"Baleen Whales, Delphinid spp., Fish Chorus, Snapping Shrimp",Thursday
West Pimpernel,8/16/2018,18,0,,0,0,0,0,0,0,1,0,0,0,1,1,"1-2 khz, 250 hz",,"Baleen Whales, Fish Chorus, Snapping Shrimp",Thursday
West Pimpernel,8/16/2018,19,0,,0,0,0,0,0,0,1,1,0,0,1,1,1-2 khz,call from 16 khz 19:43:56,"Baleen Whales, Delphinid spp., Fish Chorus, Snapping Shrimp",Thursday
West Pimpernel,8/16/2018,20,0,,0,0,0,0,0,0,1,1,0,0,0,1,,"call from 13 khz, 20:22:56, 21:07:11","Baleen Whales, Delphinid spp., Snapping Shrimp",Thursday
West Pimpernel,8/16/2018,21,1,,0,1,0,0,0,1,1,0,0,0,0,1,,,"Baleen Whales, Snapping Shrimp",Thursday
West Pimpernel,8/16/2018,22,0,,0,0,0,0,0,0,1,0,0,0,0,1,,,"Baleen Whales, Snapping Shrimp",Thursday
West Pimpernel,8/16/2018,23,0,,0,0,0,0,0,0,1,0,0,0,0,1,,,"Baleen Whales, Snapping Shrimp",Thursday
West Pimpernel,8/17/2018,0,0,,0,0,0,0,0,0,1,0,0,0,0,1,,,"Baleen Whales, Snapping Shrimp",Friday
West Pimpernel,8/17/2018,1,1,,0,1,0,0,0,1,1,0,0,0,0,1,,,"Baleen Whales, Snapping Shrimp",Friday
West Pimpernel,8/17/2018,2,0,,0,0,0,0,0,0,1,1,0,0,0,1,,,"Baleen Whales, Delphinid spp., Snapping Shrimp",Friday
West Pimpernel,8/17/2018,3,1,,0,1,0,0,0,1,1,1,0,0,0,1,,,"Baleen Whales, Delphinid spp., Snapping Shrimp",Friday
West Pimpernel,8/17/2018,4,0,,0,0,0,0,0,0,1,1,0,0,0,1,,"call from 14 khz, 4:36:36","Baleen Whales, Delphinid spp., Snapping Shrimp",Friday
West Pimpernel,8/17/2018,5,1,,0,1,0,0,0,1,1,1,0,0,1,1,1-2 khz,,"Baleen Whales, Delphinid spp., Fish Chorus, Snapping Shrimp",Friday
West Pimpernel,8/17/2018,6,1,,0,0,0,0,0,1,1,0,0,0,0,1,,,"Baleen Whales, Snapping Shrimp",Friday
West Pimpernel,8/17/2018,7,0,,0,0,0,0,0,0,1,0,0,0,0,1,,,"Baleen Whales, Snapping Shrimp",Friday
West Pimpernel,8/17/2018,8,0,,0,0,0,0,0,0,1,0,0,0,0,1,,,"Baleen Whales, Snapping Shrimp",Friday
West Pimpernel,8/17/2018,9,1,,0,1,0,0,0,1,1,1,0,0,0,1,,,"Baleen Whales, Delphinid spp., Snapping Shrimp",Friday
West Pimpernel,8/17/2018,10,0,,0,0,0,0,0,0,1,0,0,0,0,1,,,"Baleen Whales, Snapping Shrimp",Friday
West Pimpernel,8/17/2018,11,0,,0,0,0,0,0,0,1,0,1,0,0,1,,unk baleen whale long callsâ€¦ might be RW moans? 11:06:45,"Baleen Whales, Snapping Shrimp",Friday
West Pimpernel,8/17/2018,12,0,,0,0,0,0,0,0,1,0,0,0,0,1,,,"Baleen Whales, Snapping Shrimp",Friday
West Pimpernel,8/17/2018,13,0,,0,0,0,0,0,0,1,0,0,0,0,1,,,"Baleen Whales, Snapping Shrimp",Friday
West Pimpernel,8/17/2018,14,0,,0,0,0,0,0,0,1,0,0,0,0,1,,,"Baleen Whales, Snapping Shrimp",Friday
West Pimpernel,8/17/2018,15,1,,0,0,0,0,1,1,1,0,0,0,0,1,,,"Baleen Whales, Snapping Shrimp",Friday
West Pimpernel,8/17/2018,16,1,,0,0,0,0,0,1,1,0,0,0,0,1,,,"Baleen Whales, Snapping Shrimp",Friday
West Pimpernel,8/17/2018,17,0,,0,0,0,0,0,0,1,0,0,0,1,1,"1-2 khz, 250 hz",,"Baleen Whales, Fish Chorus, Snapping Shrimp",Friday
West Pimpernel,8/17/2018,18,1,,0,0,1,0,0,1,1,0,0,0,1,1,"1-2 khz, 250 hz",,"Baleen Whales, Delphinid spp., Fish Chorus, Snapping Shrimp",Friday
West Pimpernel,8/17/2018,19,1,,0,0,0,0,0,1,1,1,0,0,0,1,dolphin on the hydrophone,,"Baleen Whales, Delphinid spp., Snapping Shrimp",Friday
West Pimpernel,8/17/2018,20,0,,0,0,0,0,0,0,1,1,0,0,0,1,,,"Baleen Whales, Delphinid spp., Snapping Shrimp",Friday
West Pimpernel,8/17/2018,21,0,,0,0,0,0,0,0,1,1,0,0,0,1,,,"Baleen Whales, Delphinid spp., Snapping Shrimp",Friday
West Pimpernel,8/17/2018,22,0,,0,0,0,0,0,0,1,1,0,0,0,1,,,"Baleen Whales, Delphinid spp., Snapping Shrimp",Friday
West Pimpernel,8/17/2018,23,0,,0,0,0,0,0,0,1,0,0,0,0,1,,,"Baleen Whales, Snapping Shrimp",Friday
West Pimpernel,8/18/2018,0,0,,0,0,0,0,0,0,1,0,0,0,0,1,,,"Baleen Whales, Snapping Shrimp",Saturday
West Pimpernel,8/18/2018,1,0,,0,0,0,0,0,0,1,0,0,0,0,1,,,"Baleen Whales, Snapping Shrimp",Saturday
West Pimpernel,8/18/2018,2,0,,0,0,0,0,0,0,1,0,0,0,0,1,,,"Baleen Whales, Snapping Shrimp",Saturday
West Pimpernel,8/18/2018,3,0,,0,0,0,0,0,0,1,1,0,0,0,1,,,"Baleen Whales, Delphinid spp., Snapping Shrimp",Saturday
West Pimpernel,8/18/2018,4,0,,0,0,0,0,0,0,1,0,0,0,0,1,,unk baleen call 04:32:34,"Baleen Whales, Snapping Shrimp",Saturday
West Pimpernel,8/18/2018,5,0,,0,0,0,0,0,0,1,0,0,0,1,1,1-2 khz,,"Baleen Whales, Fish Chorus, Snapping Shrimp",Saturday
West Pimpernel,8/18/2018,6,1,,0,2,0,0,0,2,1,0,0,0,0,1,,,"Baleen Whales, Snapping Shrimp",Saturday
West Pimpernel,8/18/2018,7,1,,0,1,0,0,1,2,1,0,0,0,0,1,,,"Baleen Whales, Snapping Shrimp",Saturday
West Pimpernel,8/18/2018,8,1,,0,2,1,0,1,5,1,0,0,0,0,1,,,"Baleen Whales, Snapping Shrimp",Saturday
West Pimpernel,8/18/2018,9,1,,0,3,1,0,0,4,1,0,0,0,0,1,,,"Baleen Whales, Snapping Shrimp",Saturday
West Pimpernel,8/18/2018,10,1,,0,3,0,0,1,4,1,0,0,0,0,1,,possible baleen whale? 10:11:54,"Baleen Whales, Snapping Shrimp",Saturday
West Pimpernel,8/18/2018,11,1,,0,1,0,1,0,2,1,0,0,0,0,1,,,"Baleen Whales, Snapping Shrimp",Saturday
West Pimpernel,8/18/2018,12,1,,0,3,0,0,0,3,1,0,0,0,0,1,,,"Baleen Whales, Snapping Shrimp",Saturday
West Pimpernel,8/18/2018,13,1,,0,1,0,0,0,1,1,0,0,0,0,1,,,"Baleen Whales, Snapping Shrimp",Saturday
West Pimpernel,8/18/2018,14,0,,0,0,0,0,0,0,1,0,0,0,0,1,,,"Baleen Whales, Snapping Shrimp",Saturday
West Pimpernel,8/18/2018,15,0,,0,0,0,0,0,0,1,0,0,0,0,1,,,"Baleen Whales, Snapping Shrimp",Saturday
West Pimpernel,8/18/2018,16,0,,0,0,0,0,0,0,1,1,0,0,0,1,,,"Baleen Whales, Delphinid spp., Snapping Shrimp",Saturday
West Pimpernel,8/18/2018,17,1,,1,0,1,0,0,2,1,0,0,0,1,1,"1-2 khz, 250 hz",,"Baleen Whales, Fish Chorus, Snapping Shrimp",Saturday
West Pimpernel,8/18/2018,18,1,,0,0,1,0,0,1,1,0,0,0,1,1,"1-2 khz, 250 hz",,"Baleen Whales, Fish Chorus, Snapping Shrimp",Saturday
West Pimpernel,8/18/2018,19,0,,0,0,0,0,0,0,1,0,0,0,1,1,1-2 khz,,"Baleen Whales, Fish Chorus, Snapping Shrimp",Saturday
West Pimpernel,8/18/2018,20,0,,0,0,0,0,0,0,1,1,0,0,0,1,,,"Baleen Whales, Delphinid spp., Snapping Shrimp",Saturday
West Pimpernel,8/18/2018,21,0,,0,0,0,0,0,0,1,0,0,0,0,1,,,"Baleen Whales, Snapping Shrimp",Saturday
West Pimpernel,8/18/2018,22,0,,0,0,0,0,0,0,1,0,0,0,0,1,,,"Baleen Whales, Snapping Shrimp",Saturday
West Pimpernel,8/18/2018,23,0,,0,0,0,0,0,0,1,0,0,0,0,1,,possible baleen whale? 23:50:00,"Baleen Whales, Snapping Shrimp",Saturday
West Pimpernel,8/19/2018,0,0,,0,0,0,0,0,0,1,0,0,0,0,1,,,"Baleen Whales, Snapping Shrimp",Sunday
West Pimpernel,8/19/2018,1,0,,0,0,0,0,0,0,1,0,0,0,0,1,,,"Baleen Whales, Snapping Shrimp",Sunday
West Pimpernel,8/19/2018,2,0,,0,0,0,0,0,0,1,0,0,0,0,1,,,"Baleen Whales, Snapping Shrimp",Sunday
West Pimpernel,8/19/2018,3,0,,0,0,0,0,0,0,1,1,0,0,0,1,,,"Baleen Whales, Delphinid spp., Snapping Shrimp",Sunday
West Pimpernel,8/19/2018,4,0,,0,0,0,0,0,0,1,1,0,0,0,1,,,"Baleen Whales, Delphinid spp., Snapping Shrimp",Sunday
West Pimpernel,8/19/2018,5,0,,0,0,0,0,0,0,1,0,0,0,1,1,1-2 khz,,"Baleen Whales, Fish Chorus, Snapping Shrimp",Sunday
West Pimpernel,8/19/2018,6,0,,0,0,0,0,0,0,1,0,0,0,0,1,,,"Baleen Whales, Snapping Shrimp",Sunday
West Pimpernel,8/19/2018,7,0,,0,0,0,0,0,0,1,0,0,0,0,1,,,"Baleen Whales, Snapping Shrimp",Sunday
West Pimpernel,8/19/2018,8,0,,0,0,0,0,0,0,1,0,0,0,0,1,,,"Baleen Whales, Snapping Shrimp",Sunday
West Pimpernel,8/19/2018,9,0,,0,0,0,0,0,0,1,0,0,0,0,1,,,"Baleen Whales, Snapping Shrimp",Sunday
West Pimpernel,8/19/2018,10,1,,0,0,0,1,0,1,1,0,0,0,0,1,,,"Baleen Whales, Snapping Shrimp",Sunday
West Pimpernel,8/19/2018,11,1,,0,0,0,1,0,1,1,0,0,0,0,1,,,"Baleen Whales, Snapping Shrimp",Sunday
West Pimpernel,8/19/2018,12,0,,0,0,0,0,0,0,1,0,0,0,0,1,,,"Baleen Whales, Snapping Shrimp",Sunday
West Pimpernel,8/19/2018,13,0,,0,0,0,0,0,0,1,0,0,0,0,1,,,"Baleen Whales, Snapping Shrimp",Sunday
West Pimpernel,8/19/2018,14,0,,0,0,0,0,0,0,1,0,0,0,0,1,,,"Baleen Whales, Snapping Shrimp",Sunday
West Pimpernel,8/19/2018,15,0,,0,0,0,0,0,0,1,0,0,0,0,1,,,"Baleen Whales, Snapping Shrimp",Sunday
West Pimpernel,8/19/2018,16,0,,0,0,0,0,0,0,1,0,0,0,0,1,,,"Baleen Whales, Snapping Shrimp",Sunday
West Pimpernel,8/19/2018,17,0,,0,0,0,0,0,0,1,1,0,0,1,1,"1-2 khz, 250 hz",,"Baleen Whales, Delphinid spp., Fish Chorus, Snapping Shrimp",Sunday
West Pimpernel,8/19/2018,18,0,,0,0,0,0,0,0,1,0,0,0,1,1,"1-2 khz, 250 hz",,"Baleen Whales, Fish Chorus, Snapping Shrimp",Sunday
West Pimpernel,8/19/2018,19,0,,0,0,0,0,0,0,1,1,0,0,1,1,0-1 khz,,"Baleen Whales, Delphinid spp., Fish Chorus, Snapping Shrimp",Sunday
West Pimpernel,8/19/2018,20,0,,0,0,0,0,0,0,1,1,0,0,1,1,0-1 khz,,"Baleen Whales, Delphinid spp., Fish Chorus, Snapping Shrimp",Sunday
West Pimpernel,8/19/2018,21,0,,0,0,0,0,0,0,1,0,0,0,0,1,,,"Baleen Whales, Snapping Shrimp",Sunday
West Pimpernel,8/19/2018,22,0,,0,0,0,0,0,0,1,0,0,0,0,1,,squeaky dolphin/fish calls  but no clicks or whistles 22:23:35,"Baleen Whales, Snapping Shrimp",Sunday
West Pimpernel,8/19/2018,23,0,,0,0,0,0,0,0,1,0,0,0,0,1,,"squeaky dolphin/fish calls  but no clicks or whistles 23:00:55, louder at 23:24:58","Baleen Whales, Snapping Shrimp",Sunday
West Pimpernel,8/20/2018,0,0,,0,0,0,0,0,0,1,1,0,0,0,1,,,"Baleen Whales, Delphinid spp., Snapping Shrimp",Monday
West Pimpernel,8/20/2018,1,0,,0,0,0,0,0,0,1,1,0,0,0,1,"call from 16 khz, 1:11:46",,"Baleen Whales, Delphinid spp., Snapping Shrimp",Monday
West Pimpernel,8/20/2018,2,0,,0,0,0,0,0,0,1,1,0,0,0,1,,,"Baleen Whales, Delphinid spp., Snapping Shrimp",Monday
West Pimpernel,8/20/2018,3,0,,0,0,0,0,0,0,1,0,0,0,0,1,,,"Baleen Whales, Snapping Shrimp",Monday
West Pimpernel,8/20/2018,4,0,,0,0,0,0,0,0,1,0,0,0,0,1,,,"Baleen Whales, Snapping Shrimp",Monday
West Pimpernel,8/20/2018,5,0,,0,0,0,0,0,0,1,0,0,0,1,1,1-2 khz,,"Baleen Whales, Fish Chorus, Snapping Shrimp",Monday
West Pimpernel,8/20/2018,6,0,,0,0,0,0,0,0,1,0,0,0,0,1,,,"Baleen Whales, Snapping Shrimp",Monday
West Pimpernel,8/20/2018,7,0,,0,0,0,0,0,0,1,0,0,0,0,1,,unk baleen call 07:04:14,"Baleen Whales, Snapping Shrimp",Monday
West Pimpernel,8/20/2018,8,0,,0,0,0,0,0,0,1,0,0,0,0,1,check to see if this should be FC,unk baleen call 08:59:13,"Baleen Whales, Snapping Shrimp",Monday
West Pimpernel,8/20/2018,9,0,,0,0,0,0,0,0,1,0,0,0,0,1,,,"Baleen Whales, Snapping Shrimp",Monday
West Pimpernel,8/20/2018,10,0,,0,0,0,0,0,0,1,0,0,0,0,1,,,"Baleen Whales, Snapping Shrimp",Monday
West Pimpernel,8/20/2018,11,0,,0,0,0,0,0,0,1,0,0,0,0,1,,,"Baleen Whales, Snapping Shrimp",Monday
West Pimpernel,8/20/2018,12,0,,0,0,0,0,0,0,1,0,0,0,0,1,,,"Baleen Whales, Snapping Shrimp",Monday
West Pimpernel,8/20/2018,13,0,,0,0,0,0,0,0,1,0,0,0,1,1,500 hz,,"Baleen Whales, Fish Chorus, Snapping Shrimp",Monday
West Pimpernel,8/20/2018,14,0,,0,0,0,0,0,0,1,0,0,0,1,1,500 hz,,"Baleen Whales, Fish Chorus, Snapping Shrimp",Monday
West Pimpernel,8/20/2018,15,0,,0,0,0,0,0,0,1,0,0,0,1,1,"500 hz, 1-2 khz",,"Baleen Whales, Fish Chorus, Snapping Shrimp",Monday
West Pimpernel,8/20/2018,16,0,,0,0,0,0,0,0,1,0,0,0,1,1,"500 hz, 1-2 khz",,"Baleen Whales, Fish Chorus, Snapping Shrimp",Monday
West Pimpernel,8/20/2018,17,0,,0,0,0,0,0,0,1,0,0,0,1,1,"500 hz, 1-2 khz",,"Baleen Whales, Fish Chorus, Snapping Shrimp",Monday
West Pimpernel,8/20/2018,18,0,,0,0,0,0,0,0,1,0,0,0,1,1,"500 hz, 1-2 khz1",,"Baleen Whales, Fish Chorus, Snapping Shrimp",Monday
West Pimpernel,8/20/2018,19,0,,0,0,0,0,0,0,1,0,0,0,1,1,500 hz,,"Baleen Whales, Fish Chorus, Snapping Shrimp",Monday
West Pimpernel,8/20/2018,20,0,,0,0,0,0,0,0,1,0,0,0,1,1,500 hz,,"Baleen Whales, Fish Chorus, Snapping Shrimp",Monday
West Pimpernel,8/20/2018,21,0,,0,0,0,0,0,0,1,0,0,0,1,1,500 hz,,"Baleen Whales, Fish Chorus, Snapping Shrimp",Monday
West Pimpernel,8/20/2018,22,0,,0,0,0,0,0,0,1,0,0,0,1,1,500 hz,,"Baleen Whales, Fish Chorus, Snapping Shrimp",Monday
West Pimpernel,8/20/2018,23,0,,0,0,0,0,0,0,1,0,0,0,0,1,,,"Baleen Whales, Snapping Shrimp",Monday
West Pimpernel,8/21/2018,0,0,,0,0,0,0,0,0,1,0,0,0,0,1,,,"Baleen Whales, Snapping Shrimp",Tuesday
West Pimpernel,8/21/2018,1,0,,0,0,0,0,0,0,1,0,0,0,0,1,,,"Baleen Whales, Snapping Shrimp",Tuesday
West Pimpernel,8/21/2018,2,0,,0,0,0,0,0,0,1,1,0,0,0,1,,,"Baleen Whales, Delphinid spp., Snapping Shrimp",Tuesday
West Pimpernel,8/21/2018,3,0,,0,0,0,0,0,0,1,1,0,0,0,1,,,"Baleen Whales, Delphinid spp., Snapping Shrimp",Tuesday
West Pimpernel,8/21/2018,4,0,,0,0,0,0,0,0,1,1,0,0,0,1,,,"Baleen Whales, Delphinid spp., Snapping Shrimp",Tuesday
West Pimpernel,8/21/2018,5,0,,0,0,0,0,0,0,1,1,0,0,0,1,,,"Baleen Whales, Delphinid spp., Snapping Shrimp",Tuesday
West Pimpernel,8/21/2018,6,0,,0,0,0,0,0,0,1,0,0,0,0,1,,,"Baleen Whales, Snapping Shrimp",Tuesday
West Pimpernel,8/21/2018,7,0,,0,0,0,0,0,0,1,0,0,0,0,1,,,"Baleen Whales, Snapping Shrimp",Tuesday
West Pimpernel,8/21/2018,8,0,,0,0,0,0,0,0,1,0,0,0,0,1,,,"Baleen Whales, Snapping Shrimp",Tuesday
West Pimpernel,8/21/2018,9,0,,0,0,0,0,0,0,1,0,0,0,0,1,,,"Baleen Whales, Snapping Shrimp",Tuesday
West Pimpernel,8/21/2018,10,0,,0,0,0,0,0,0,1,0,0,0,0,1,,,"Baleen Whales, Snapping Shrimp",Tuesday
West Pimpernel,8/21/2018,11,0,,0,0,0,0,0,0,1,0,0,0,0,1,,,"Baleen Whales, Snapping Shrimp",Tuesday
West Pimpernel,8/21/2018,12,0,,0,0,0,0,0,0,1,0,0,0,0,1,,,"Baleen Whales, Snapping Shrimp",Tuesday
West Pimpernel,8/21/2018,13,0,,0,0,0,0,0,0,1,0,0,0,0,1,,,"Baleen Whales, Snapping Shrimp",Tuesday
West Pimpernel,8/21/2018,14,0,,0,0,0,0,0,0,1,0,0,0,1,1,500 hz,,"Baleen Whales, Fish Chorus, Snapping Shrimp",Tuesday
West Pimpernel,8/21/2018,15,0,,0,0,0,0,0,0,1,0,0,0,1,1,500 hz,,"Baleen Whales, Fish Chorus, Snapping Shrimp",Tuesday
West Pimpernel,8/21/2018,16,0,,0,0,0,0,0,0,1,0,0,0,1,1,500 hz,,"Baleen Whales, Fish Chorus, Snapping Shrimp",Tuesday
West Pimpernel,8/21/2018,17,0,,0,0,0,0,0,0,1,0,0,0,1,1,"500 hz, 1-2 khz",,"Baleen Whales, Fish Chorus, Snapping Shrimp",Tuesday
West Pimpernel,8/21/2018,18,0,,0,0,0,0,0,0,1,0,0,0,1,1,"500 hz, 1-2 khz",,"Baleen Whales, Fish Chorus, Snapping Shrimp",Tuesday
West Pimpernel,8/21/2018,19,0,,0,0,0,0,0,0,1,0,0,0,1,1,500 hz,,"Baleen Whales, Fish Chorus, Snapping Shrimp",Tuesday
West Pimpernel,8/21/2018,20,0,,0,0,0,0,0,0,1,0,0,0,1,1,,,"Baleen Whales, Fish Chorus, Snapping Shrimp",Tuesday
West Pimpernel,8/21/2018,21,0,,0,0,0,0,0,0,1,0,0,0,1,1,,,"Baleen Whales, Fish Chorus, Snapping Shrimp",Tuesday
West Pimpernel,8/21/2018,22,0,,0,0,0,0,0,0,1,0,0,0,1,1,,,"Baleen Whales, Fish Chorus, Snapping Shrimp",Tuesday
West Pimpernel,8/21/2018,23,0,,0,0,0,0,0,0,1,0,0,0,1,1,,,"Baleen Whales, Fish Chorus, Snapping Shrimp",Tuesday
West Pimpernel,8/22/2018,0,0,,0,0,0,0,0,0,1,0,0,0,0,1,,,"Baleen Whales, Snapping Shrimp",Wednesday
West Pimpernel,8/22/2018,1,0,,0,0,0,0,0,0,1,0,0,0,0,1,,,"Baleen Whales, Snapping Shrimp",Wednesday
West Pimpernel,8/22/2018,2,0,,0,0,0,0,0,0,1,0,0,0,0,1,,,"Baleen Whales, Snapping Shrimp",Wednesday
West Pimpernel,8/22/2018,3,0,,0,0,0,0,0,0,1,0,0,0,0,1,,"very LF sound, possibly non-biological 03:44:53","Baleen Whales, Snapping Shrimp",Wednesday
West Pimpernel,8/22/2018,4,0,,0,0,0,0,0,0,1,1,0,0,0,1,,,"Baleen Whales, Delphinid spp., Snapping Shrimp",Wednesday
West Pimpernel,8/22/2018,5,0,,0,0,0,0,0,0,1,1,0,0,0,1,,,"Baleen Whales, Delphinid spp., Snapping Shrimp",Wednesday
West Pimpernel,8/22/2018,6,0,,0,0,0,0,0,0,1,0,0,0,0,1,,"unk baleen whale call, probably Mn but very low 06:59:42","Baleen Whales, Snapping Shrimp",Wednesday
West Pimpernel,8/22/2018,7,1,,0,1,0,0,0,1,1,0,0,0,0,1,,,"Baleen Whales, Snapping Shrimp",Wednesday
West Pimpernel,8/22/2018,8,1,,0,0,0,1,0,1,1,0,0,0,0,1,,,"Baleen Whales, Snapping Shrimp",Wednesday
West Pimpernel,8/22/2018,9,1,,0,1,0,0,0,1,1,0,0,0,0,1,,,"Baleen Whales, Snapping Shrimp",Wednesday
West Pimpernel,8/22/2018,10,0,,0,0,0,0,0,0,1,0,0,0,0,1,,,"Baleen Whales, Snapping Shrimp",Wednesday
West Pimpernel,8/22/2018,11,0,,0,0,0,0,0,0,1,0,0,0,0,1,,,"Baleen Whales, Snapping Shrimp",Wednesday
West Pimpernel,8/22/2018,12,1,,0,2,0,0,0,2,1,0,0,0,0,1,,,"Baleen Whales, Snapping Shrimp",Wednesday
West Pimpernel,8/22/2018,13,0,,0,0,0,0,0,0,1,0,0,0,0,1,,,"Baleen Whales, Snapping Shrimp",Wednesday
West Pimpernel,8/22/2018,14,0,,0,0,0,0,0,0,1,0,0,0,0,1,,,"Baleen Whales, Snapping Shrimp",Wednesday
West Pimpernel,8/22/2018,15,0,,0,0,0,0,0,0,1,1,0,0,0,1,,,"Baleen Whales, Delphinid spp., Snapping Shrimp",Wednesday
West Pimpernel,8/22/2018,16,1,,0,1,0,0,0,1,1,1,0,0,0,1,tiny high freq dolphin,,"Baleen Whales, Delphinid spp., Snapping Shrimp",Wednesday
West Pimpernel,8/22/2018,17,0,,0,0,0,0,0,0,1,0,0,0,1,1,"1-2 khz, 500 hz",,"Baleen Whales, Fish Chorus, Snapping Shrimp",Wednesday
West Pimpernel,8/22/2018,18,0,,0,0,0,0,0,0,1,1,0,0,1,1,"1-2 khz, 500 hz",,"Baleen Whales, Delphinid spp., Fish Chorus, Snapping Shrimp",Wednesday
West Pimpernel,8/22/2018,19,0,,0,0,0,0,0,0,1,1,0,0,1,1,500 hz,,"Baleen Whales, Delphinid spp., Fish Chorus, Snapping Shrimp",Wednesday
West Pimpernel,8/22/2018,20,0,,0,0,0,0,0,0,1,0,0,0,1,1,500 hz,,"Baleen Whales, Fish Chorus, Snapping Shrimp",Wednesday
West Pimpernel,8/22/2018,21,0,,0,0,0,0,0,0,1,0,0,0,1,1,500 hz,,"Baleen Whales, Fish Chorus, Snapping Shrimp",Wednesday
West Pimpernel,8/22/2018,22,0,,0,0,0,0,0,0,1,0,0,0,0,1,,,"Baleen Whales, Snapping Shrimp",Wednesday
West Pimpernel,8/22/2018,23,0,,0,0,0,0,0,0,1,1,0,0,0,1,,,"Baleen Whales, Delphinid spp., Snapping Shrimp",Wednesday
West Pimpernel,8/23/2018,0,0,,0,0,0,0,0,0,1,0,0,0,0,1,,,"Baleen Whales, Snapping Shrimp",Thursday
West Pimpernel,8/23/2018,1,0,,0,0,0,0,0,0,1,0,0,0,0,1,,,"Baleen Whales, Snapping Shrimp",Thursday
West Pimpernel,8/23/2018,2,0,,0,0,0,0,0,0,1,0,0,0,0,1,,,"Baleen Whales, Snapping Shrimp",Thursday
West Pimpernel,8/23/2018,3,0,,0,0,0,0,0,0,1,0,0,0,0,1,,,"Baleen Whales, Delphinid spp., Snapping Shrimp",Thursday
West Pimpernel,8/23/2018,4,0,,0,0,0,0,0,0,1,0,0,0,0,1,,,"Baleen Whales, Snapping Shrimp",Thursday
West Pimpernel,8/23/2018,5,0,,0,0,0,0,0,0,1,0,0,0,0,1,,,"Baleen Whales, Snapping Shrimp",Thursday
West Pimpernel,8/23/2018,6,0,,0,0,0,0,0,0,1,0,0,0,0,1,,,"Baleen Whales, Snapping Shrimp",Thursday
West Pimpernel,8/23/2018,7,0,,0,0,0,0,0,0,1,0,0,0,0,1,,,"Baleen Whales, Snapping Shrimp",Thursday
West Pimpernel,8/23/2018,8,1,,0,0,0,0,2,2,1,0,0,0,0,1,,,"Baleen Whales, Snapping Shrimp",Thursday
West Pimpernel,8/23/2018,9,1,,0,0,0,0,1,1,1,0,0,0,0,1,,,"Baleen Whales, Snapping Shrimp",Thursday
West Pimpernel,8/23/2018,10,1,,0,1,0,0,0,1,1,0,0,0,0,1,,,"Baleen Whales, Snapping Shrimp",Thursday
West Pimpernel,8/23/2018,11,0,,0,0,0,0,0,0,1,0,0,0,0,1,,,"Baleen Whales, Snapping Shrimp",Thursday
West Pimpernel,8/23/2018,12,0,,0,0,0,0,0,0,1,0,0,0,0,1,,,"Baleen Whales, Snapping Shrimp",Thursday
West Pimpernel,8/23/2018,13,1,,0,2,0,0,1,3,1,0,0,0,0,1,,,"Baleen Whales, Snapping Shrimp",Thursday
West Pimpernel,8/23/2018,14,1,,0,0,0,1,0,1,1,0,0,0,0,1,,,"Baleen Whales, Snapping Shrimp",Thursday
West Pimpernel,8/23/2018,15,1,,0,0,0,0,1,1,1,0,0,0,0,1,,,"Baleen Whales, Snapping Shrimp",Thursday
West Pimpernel,8/23/2018,16,0,,0,0,0,0,0,0,1,1,0,0,0,1,,squeaky dolphin/fish calls at 16:13:41,"Baleen Whales, Delphinid spp., Snapping Shrimp",Thursday
West Pimpernel,8/23/2018,17,0,,0,0,0,0,0,0,1,0,0,0,1,1,"1-2 khz, 250 hz",,"Baleen Whales, Fish Chorus, Snapping Shrimp",Thursday
West Pimpernel,8/23/2018,18,0,,0,0,0,0,0,0,1,0,0,0,1,1,"1-2 khz, 250 hz",,"Baleen Whales, Fish Chorus, Snapping Shrimp",Thursday
West Pimpernel,8/23/2018,19,0,,0,0,0,0,0,0,1,0,0,0,0,1,,,"Baleen Whales, Snapping Shrimp",Thursday
West Pimpernel,8/23/2018,20,0,,0,0,0,0,0,0,1,0,0,0,0,1,,,"Baleen Whales, Snapping Shrimp",Thursday
West Pimpernel,8/23/2018,21,0,,0,0,0,0,0,0,1,0,0,0,0,1,,,"Baleen Whales, Snapping Shrimp",Thursday
West Pimpernel,8/23/2018,22,0,,0,0,0,0,0,0,1,0,0,0,0,1,,,"Baleen Whales, Snapping Shrimp",Thursday
West Pimpernel,8/23/2018,23,0,,0,0,0,0,0,0,1,0,0,0,0,1,,,"Baleen Whales, Snapping Shrimp",Thursday
West Pimpernel,8/24/2018,0,0,,0,0,0,0,0,0,1,0,0,0,0,1,,,"Baleen Whales, Snapping Shrimp",Friday
West Pimpernel,8/24/2018,1,0,,0,0,0,0,0,0,1,0,0,0,0,1,,,"Baleen Whales, Snapping Shrimp",Friday
West Pimpernel,8/24/2018,2,0,,0,0,0,0,0,0,1,0,0,0,0,1,,,"Baleen Whales, Snapping Shrimp",Friday
West Pimpernel,8/24/2018,3,0,,0,0,0,0,0,0,1,0,0,0,0,1,,,"Baleen Whales, Snapping Shrimp",Friday
West Pimpernel,8/24/2018,4,0,,0,0,0,0,0,0,1,0,0,0,0,1,,,"Baleen Whales, Snapping Shrimp",Friday
West Pimpernel,8/24/2018,5,1,,0,0,0,0,1,1,1,0,0,0,1,1,1-2 khz,,"Baleen Whales, Fish Chorus, Snapping Shrimp",Friday
West Pimpernel,8/24/2018,6,0,,0,0,0,0,0,0,1,0,0,0,0,1,,,"Baleen Whales, Snapping Shrimp",Friday
West Pimpernel,8/24/2018,7,0,,0,0,0,0,0,0,1,0,0,0,0,1,,,"Baleen Whales, Snapping Shrimp",Friday
West Pimpernel,8/24/2018,8,1,,0,1,0,0,1,2,1,0,0,0,0,1,,,"Baleen Whales, Snapping Shrimp",Friday
West Pimpernel,8/24/2018,9,0,,0,0,0,0,0,0,1,0,0,0,0,1,,,"Baleen Whales, Snapping Shrimp",Friday
West Pimpernel,8/24/2018,10,0,,0,0,0,0,0,0,1,0,0,0,0,1,,,"Baleen Whales, Snapping Shrimp",Friday
West Pimpernel,8/24/2018,11,1,,1,2,0,0,0,3,1,0,0,0,0,1,,,"Baleen Whales, Snapping Shrimp",Friday
West Pimpernel,8/24/2018,12,0,,0,0,0,0,0,0,1,0,0,0,0,1,,,"Baleen Whales, Snapping Shrimp",Friday
West Pimpernel,8/24/2018,13,0,,0,0,0,0,0,0,1,0,0,0,0,1,,,"Baleen Whales, Snapping Shrimp",Friday
West Pimpernel,8/24/2018,14,0,,0,0,0,0,0,0,1,0,0,0,0,1,,,"Baleen Whales, Snapping Shrimp",Friday
West Pimpernel,8/24/2018,15,0,,0,0,0,0,0,0,1,0,0,0,0,1,,,"Baleen Whales, Snapping Shrimp",Friday
West Pimpernel,8/24/2018,16,0,,0,0,0,0,0,0,1,0,0,0,0,1,,,"Baleen Whales, Snapping Shrimp",Friday
West Pimpernel,8/24/2018,17,0,,0,0,0,0,0,0,1,0,0,0,1,1,"1-2 khz, 250 hz",,"Baleen Whales, Fish Chorus, Snapping Shrimp",Friday
West Pimpernel,8/24/2018,18,0,,0,0,0,0,0,0,1,1,0,0,1,1,"1-2 khz, 250 hz",,"Baleen Whales, Delphinid spp., Fish Chorus, Snapping Shrimp",Friday
West Pimpernel,8/24/2018,19,0,,0,0,0,0,0,0,1,1,0,0,1,1,,squeaky dolphin/fish calls 19:38:22; occur along with clicks and whistles at 19:50:47,"Baleen Whales, Delphinid spp., Fish Chorus, Snapping Shrimp",Friday
West Pimpernel,8/24/2018,20,0,,0,0,0,0,0,0,1,1,0,0,0,1,,,"Baleen Whales, Delphinid spp., Snapping Shrimp",Friday
West Pimpernel,8/24/2018,21,0,,0,0,0,0,0,0,1,1,0,0,0,1,,,"Baleen Whales, Delphinid spp., Snapping Shrimp",Friday
West Pimpernel,8/24/2018,22,0,,0,0,0,0,0,0,1,0,1,0,0,1,,unk baleen call 22:10:31,"Baleen Whales, Snapping Shrimp",Friday
West Pimpernel,8/24/2018,23,0,,0,0,0,0,0,0,1,0,0,0,0,1,,,"Baleen Whales, Snapping Shrimp",Friday
West Pimpernel,8/25/2018,0,0,,0,0,0,0,0,0,1,0,0,0,0,1,,rain; thunder at 00:38:09,"Baleen Whales, Snapping Shrimp",Saturday
West Pimpernel,8/25/2018,1,0,,0,0,0,0,0,0,1,0,0,0,0,1,,,"Baleen Whales, Snapping Shrimp",Saturday
West Pimpernel,8/25/2018,2,0,,0,0,0,0,0,0,1,0,0,0,0,1,,,"Baleen Whales, Snapping Shrimp",Saturday
West Pimpernel,8/25/2018,3,0,,0,0,0,0,0,0,1,0,1,0,0,1,,unk baleen call 03:58:09,"Baleen Whales, Snapping Shrimp",Saturday
West Pimpernel,8/25/2018,4,0,,0,0,0,0,0,0,1,1,0,0,0,1,,,"Baleen Whales, Delphinid spp., Snapping Shrimp",Saturday
West Pimpernel,8/25/2018,5,0,,0,0,0,0,0,0,1,1,0,0,1,1,1-2 khz,"downsweep 95-25Hz, ~3.5s ","Baleen Whales, Delphinid spp., Fish Chorus, Snapping Shrimp",Saturday
West Pimpernel,8/25/2018,6,0,,0,0,0,0,0,0,1,0,0,0,0,1,,,"Baleen Whales, Snapping Shrimp",Saturday
West Pimpernel,8/25/2018,7,0,,0,0,0,0,0,0,1,0,0,0,0,1,,,"Baleen Whales, Snapping Shrimp",Saturday
West Pimpernel,8/25/2018,8,0,,0,0,0,0,0,0,1,0,0,0,0,1,,,"Baleen Whales, Snapping Shrimp",Saturday
West Pimpernel,8/25/2018,9,1,,0,1,0,0,0,1,1,0,0,0,0,1,,,"Baleen Whales, Snapping Shrimp",Saturday
West Pimpernel,8/25/2018,10,1,,0,1,0,0,0,1,1,0,0,0,0,1,,,"Baleen Whales, Snapping Shrimp",Saturday
West Pimpernel,8/25/2018,11,1,,0,3,0,3,0,6,1,0,0,0,0,1,,,"Baleen Whales, Snapping Shrimp",Saturday
West Pimpernel,8/25/2018,12,1,,0,4,0,0,2,6,1,0,0,0,0,1,,,"Baleen Whales, Snapping Shrimp",Saturday
West Pimpernel,8/25/2018,13,1,,0,0,0,2,2,4,1,0,0,0,0,1,,,"Baleen Whales, Snapping Shrimp",Saturday
West Pimpernel,8/25/2018,14,1,,0,0,0,1,1,2,1,0,0,0,0,1,,,"Baleen Whales, Snapping Shrimp",Saturday
West Pimpernel,8/25/2018,15,0,,0,0,0,0,0,0,1,0,0,0,0,1,,,"Baleen Whales, Snapping Shrimp",Saturday
West Pimpernel,8/25/2018,16,0,,0,0,0,0,0,0,1,0,1,0,0,1,,possible RW 16:19:01,"Baleen Whales, Snapping Shrimp",Saturday
West Pimpernel,8/25/2018,17,0,,0,0,0,0,0,0,1,0,0,0,1,1,"1-2 khz, 250 hz",,"Baleen Whales, Fish Chorus, Snapping Shrimp",Saturday
West Pimpernel,8/25/2018,18,0,,0,0,0,0,0,0,1,0,0,0,1,1,"1-2 khz, 500 hz",,"Baleen Whales, Fish Chorus, Snapping Shrimp",Saturday
West Pimpernel,8/25/2018,19,0,,0,0,0,0,0,0,1,0,0,0,1,1,500 hz,,"Baleen Whales, Fish Chorus, Snapping Shrimp",Saturday
West Pimpernel,8/25/2018,20,0,,0,0,0,0,0,0,1,0,0,0,1,1,500 hz,,"Baleen Whales, Fish Chorus, Snapping Shrimp",Saturday
West Pimpernel,8/25/2018,21,0,,0,0,0,0,0,0,1,1,0,0,1,1,500 hz,,"Baleen Whales, Delphinid spp., Fish Chorus, Snapping Shrimp",Saturday
West Pimpernel,8/25/2018,22,0,,0,0,0,0,0,0,1,1,0,0,0,1,,,"Baleen Whales, Delphinid spp., Snapping Shrimp",Saturday
West Pimpernel,8/25/2018,23,0,,0,0,0,0,0,0,1,0,0,0,0,1,,,"Baleen Whales, Snapping Shrimp",Saturday
West Pimpernel,8/26/2018,0,0,,0,0,0,0,0,0,1,0,0,0,0,1,,,"Baleen Whales, Snapping Shrimp",Sunday
West Pimpernel,8/26/2018,1,0,,0,0,0,0,0,0,1,0,0,0,0,1,,,"Baleen Whales, Snapping Shrimp",Sunday
West Pimpernel,8/26/2018,2,0,,0,0,0,0,0,0,1,1,0,0,0,1,,,"Baleen Whales, Delphinid spp., Snapping Shrimp",Sunday
West Pimpernel,8/26/2018,3,0,,0,0,0,0,0,0,1,1,0,0,0,1,,,"Baleen Whales, Delphinid spp., Snapping Shrimp",Sunday
West Pimpernel,8/26/2018,4,0,,0,0,0,0,0,0,1,0,0,0,0,1,,,"Baleen Whales, Snapping Shrimp",Sunday
West Pimpernel,8/26/2018,5,0,,0,0,0,0,0,0,1,0,0,0,1,1,1-2 khz,,"Baleen Whales, Fish Chorus, Snapping Shrimp",Sunday
West Pimpernel,8/26/2018,6,0,,0,0,0,0,0,0,1,0,0,0,0,1,,,"Baleen Whales, Snapping Shrimp",Sunday
West Pimpernel,8/26/2018,7,1,,0,1,0,0,0,1,1,0,0,0,0,1,,,"Baleen Whales, Snapping Shrimp",Sunday
West Pimpernel,8/26/2018,8,1,,0,3,0,0,0,3,1,0,0,0,0,1,,,"Baleen Whales, Snapping Shrimp",Sunday
West Pimpernel,8/26/2018,9,1,,0,3,0,1,0,4,1,0,0,0,0,1,,,"Baleen Whales, Snapping Shrimp",Sunday
West Pimpernel,8/26/2018,10,1,,0,2,0,1,0,4,1,0,0,0,0,1,,,"Baleen Whales, Snapping Shrimp",Sunday
West Pimpernel,8/26/2018,11,1,,0,1,0,0,0,1,1,0,0,0,0,1,,,"Baleen Whales, Snapping Shrimp",Sunday
West Pimpernel,8/26/2018,12,0,,0,0,0,0,0,0,1,0,0,0,0,1,,,"Baleen Whales, Snapping Shrimp",Sunday
West Pimpernel,8/26/2018,13,0,,0,0,0,0,0,0,1,0,0,0,0,1,,,"Baleen Whales, Snapping Shrimp",Sunday
West Pimpernel,8/26/2018,14,0,,0,0,0,0,0,0,1,0,0,0,0,1,,,"Baleen Whales, Snapping Shrimp",Sunday
West Pimpernel,8/26/2018,15,1,,0,2,0,0,0,2,1,0,0,0,0,1,,,"Baleen Whales, Snapping Shrimp",Sunday
West Pimpernel,8/26/2018,16,1,,0,1,0,0,0,1,1,0,0,0,0,1,,,"Baleen Whales, Snapping Shrimp",Sunday
West Pimpernel,8/26/2018,17,0,,0,0,0,0,0,0,1,1,0,0,1,1,"1-2 khz, 250 hz",,"Baleen Whales, Delphinid spp., Fish Chorus, Snapping Shrimp",Sunday
West Pimpernel,8/26/2018,18,0,,0,0,0,0,0,0,1,0,0,0,1,1,"1-2 khz, 500 hz",,"Baleen Whales, Fish Chorus, Snapping Shrimp",Sunday
West Pimpernel,8/26/2018,19,0,,0,0,0,0,0,0,1,0,0,0,1,1,500 hz,,"Baleen Whales, Fish Chorus, Snapping Shrimp",Sunday
West Pimpernel,8/26/2018,20,0,,0,0,0,0,0,0,1,1,0,0,1,1,500 hz,,"Baleen Whales, Delphinid spp., Fish Chorus, Snapping Shrimp",Sunday
West Pimpernel,8/26/2018,21,0,,0,0,0,0,0,0,1,0,0,0,0,1,,,"Baleen Whales, Snapping Shrimp",Sunday
West Pimpernel,8/26/2018,22,0,,0,0,0,0,0,0,1,1,0,0,0,1,,,"Baleen Whales, Delphinid spp., Snapping Shrimp",Sunday
West Pimpernel,8/26/2018,23,0,,0,0,0,0,0,0,1,1,0,0,0,1,,,"Baleen Whales, Delphinid spp., Snapping Shrimp",Sunday
West Pimpernel,8/27/2018,0,0,,0,0,0,0,0,0,1,1,0,0,0,1,,,"Baleen Whales, Delphinid spp., Snapping Shrimp",Monday
West Pimpernel,8/27/2018,1,0,,0,0,0,0,0,0,1,0,0,0,0,1,,,"Baleen Whales, Snapping Shrimp",Monday
West Pimpernel,8/27/2018,2,0,,0,0,0,0,0,0,1,0,0,0,0,1,,,"Baleen Whales, Snapping Shrimp",Monday
West Pimpernel,8/27/2018,3,1,,0,1,0,0,0,1,1,0,0,0,0,1,,,"Baleen Whales, Snapping Shrimp",Monday
West Pimpernel,8/27/2018,4,1,,0,0,0,0,0,1,1,0,1,0,0,1,,unk LF baleen whale 04:05:50; possible RW 04:09:19,"Baleen Whales, Snapping Shrimp",Monday
West Pimpernel,8/27/2018,5,0,,0,0,0,0,0,0,1,0,0,0,1,1,1-2 khz,,"Baleen Whales, Fish Chorus, Snapping Shrimp",Monday
West Pimpernel,8/27/2018,6,1,,0,1,0,1,1,3,1,0,0,0,0,1,,,"Baleen Whales, Snapping Shrimp",Monday
West Pimpernel,8/27/2018,7,1,,0,1,0,1,0,2,1,0,0,0,0,1,,,"Baleen Whales, Snapping Shrimp",Monday
West Pimpernel,8/27/2018,8,1,,0,1,0,1,0,2,1,0,0,0,0,1,,,"Baleen Whales, Snapping Shrimp",Monday
West Pimpernel,8/27/2018,9,1,,0,3,0,0,0,3,1,0,0,0,0,1,,,"Baleen Whales, Snapping Shrimp",Monday
West Pimpernel,8/27/2018,10,1,,0,1,0,0,0,1,1,0,0,0,0,1,,,"Baleen Whales, Snapping Shrimp",Monday
West Pimpernel,8/27/2018,11,0,,0,0,0,0,0,0,1,0,0,0,0,1,,,"Baleen Whales, Snapping Shrimp",Monday
West Pimpernel,8/27/2018,12,0,,0,0,0,0,0,0,1,0,0,0,0,1,,"possible RW gunshot 12:31:26, possible RW call 12:40:48","Baleen Whales, Snapping Shrimp",Monday
West Pimpernel,8/27/2018,13,0,,0,0,0,0,0,0,1,0,0,0,0,1,,possible RW 13:55:59,"Baleen Whales, Snapping Shrimp",Monday
West Pimpernel,8/27/2018,14,0,,0,0,0,0,0,0,1,0,0,0,0,1,,possible RW gunshots 14:21:31,"Baleen Whales, Snapping Shrimp",Monday
West Pimpernel,8/27/2018,15,0,,0,0,0,0,0,0,1,0,0,0,0,1,,,"Baleen Whales, Snapping Shrimp",Monday
West Pimpernel,8/27/2018,16,0,,0,0,0,0,0,0,1,0,0,0,0,1,,,"Baleen Whales, Snapping Shrimp",Monday
West Pimpernel,8/27/2018,17,0,,0,0,0,0,0,0,1,0,0,0,1,1,1-2 khz,,"Baleen Whales, Fish Chorus, Snapping Shrimp",Monday
West Pimpernel,8/27/2018,18,0,,0,0,0,0,0,0,1,1,0,0,1,1,1-2 khz,,"Baleen Whales, Delphinid spp., Fish Chorus, Snapping Shrimp",Monday
West Pimpernel,8/27/2018,19,1,,0,0,0,0,1,1,1,1,0,0,0,1,,"squeaky dolphin/fish calls along with EC at 19:09:40, lots of buzzing with squeaky calls at 19:42:28","Baleen Whales, Delphinid spp., Snapping Shrimp",Monday
West Pimpernel,8/27/2018,20,0,,0,0,0,0,0,0,1,1,0,0,0,1,,,"Baleen Whales, Delphinid spp., Snapping Shrimp",Monday
West Pimpernel,8/27/2018,21,0,,0,0,0,0,0,0,1,1,0,0,0,1,,,"Baleen Whales, Delphinid spp., Snapping Shrimp",Monday
West Pimpernel,8/27/2018,22,0,,0,0,0,0,0,0,1,0,0,0,0,1,,"possible RW gunshot, could be Mn slap 22:52:50","Baleen Whales, Snapping Shrimp",Monday
West Pimpernel,8/27/2018,23,0,,0,0,0,0,0,0,1,0,0,0,0,1,,,"Baleen Whales, Snapping Shrimp",Monday
West Pimpernel,8/28/2018,0,0,,0,0,0,0,0,0,1,0,0,0,0,1,,,"Baleen Whales, Snapping Shrimp",Tuesday
West Pimpernel,8/28/2018,1,0,,0,0,0,0,0,0,1,1,0,0,0,1,,,"Baleen Whales, Delphinid spp., Snapping Shrimp",Tuesday
West Pimpernel,8/28/2018,2,0,,0,0,0,0,0,0,1,0,0,0,0,1,,,"Baleen Whales, Snapping Shrimp",Tuesday
West Pimpernel,8/28/2018,3,0,,0,0,0,0,0,0,1,0,0,0,0,1,,,"Baleen Whales, Snapping Shrimp",Tuesday
West Pimpernel,8/28/2018,4,0,,0,0,0,0,0,0,1,0,0,0,0,1,,,"Baleen Whales, Snapping Shrimp",Tuesday
West Pimpernel,8/28/2018,5,0,,0,0,0,0,0,0,1,0,0,0,1,1,1-2 khz,,"Baleen Whales, Fish Chorus, Snapping Shrimp",Tuesday
West Pimpernel,8/28/2018,6,0,,0,0,0,0,0,0,1,0,0,0,0,1,,,"Baleen Whales, Snapping Shrimp",Tuesday
West Pimpernel,8/28/2018,7,1,,0,1,0,0,0,1,1,0,0,0,0,1,,,"Baleen Whales, Snapping Shrimp",Tuesday
West Pimpernel,8/28/2018,8,0,,0,0,0,0,0,0,1,0,0,0,0,1,,,"Baleen Whales, Snapping Shrimp",Tuesday
West Pimpernel,8/28/2018,9,0,,0,0,0,0,0,0,1,1,0,0,0,1,,,"Baleen Whales, Delphinid spp., Snapping Shrimp",Tuesday
West Pimpernel,8/28/2018,10,1,,0,1,0,0,0,1,1,0,0,0,0,1,,,"Baleen Whales, Snapping Shrimp",Tuesday
West Pimpernel,8/28/2018,11,0,,0,0,0,0,0,0,1,0,0,0,0,1,,,"Baleen Whales, Snapping Shrimp",Tuesday
West Pimpernel,8/28/2018,12,0,,0,0,0,0,0,0,1,0,0,0,1,1,500 hz,,"Baleen Whales, Fish Chorus, Snapping Shrimp",Tuesday
West Pimpernel,8/28/2018,13,0,,0,0,0,0,0,0,1,0,0,0,1,1,500 hz,,"Baleen Whales, Fish Chorus, Snapping Shrimp",Tuesday
West Pimpernel,8/28/2018,14,0,,0,0,0,0,0,0,1,0,0,0,1,1,500 hz,,"Baleen Whales, Fish Chorus, Snapping Shrimp",Tuesday
West Pimpernel,8/28/2018,15,0,,0,0,0,0,0,0,1,0,0,0,1,1,500 hz,possible RW gunshot 15:39:27,"Baleen Whales, Fish Chorus, Snapping Shrimp",Tuesday
West Pimpernel,8/28/2018,16,1,,2,0,0,0,1,3,1,0,0,0,1,1,500 hz,unk baleen call 16:55:38,"Baleen Whales, Fish Chorus, Snapping Shrimp",Tuesday
West Pimpernel,8/28/2018,17,1,,3,0,0,0,0,4,1,1,0,0,1,1,"500 hz, 1-2 khz",,"Baleen Whales, Delphinid spp., Fish Chorus, Snapping Shrimp",Tuesday
West Pimpernel,8/28/2018,18,0,,0,0,0,0,0,0,1,0,0,0,1,1,"1-2 khz, 500 hz",,"Baleen Whales, Fish Chorus, Snapping Shrimp",Tuesday
West Pimpernel,8/28/2018,19,0,,0,0,0,0,0,0,1,0,0,0,1,1,0-1 khz,unk baleen downsweep 19:22:15,"Baleen Whales, Fish Chorus, Snapping Shrimp",Tuesday
West Pimpernel,8/28/2018,20,0,,0,0,0,0,0,0,1,0,0,0,1,1,0-1 khz,unk baleen downsweep 20:10:20,"Baleen Whales, Fish Chorus, Snapping Shrimp",Tuesday
West Pimpernel,8/28/2018,21,0,,0,0,0,0,0,0,1,1,0,0,1,1,0-1 khz,,"Baleen Whales, Delphinid spp., Fish Chorus, Snapping Shrimp",Tuesday
West Pimpernel,8/28/2018,22,0,,0,0,0,0,0,0,1,1,0,0,1,1,0-1 khz,,"Baleen Whales, Delphinid spp., Fish Chorus, Snapping Shrimp",Tuesday
West Pimpernel,8/28/2018,23,0,,0,0,0,0,0,0,1,1,0,0,0,1,,"possible minke pulse train/bioduck? 23:21:20, 23:26:00 -- Gen agrees possible minke; possible RW gunshot 23:25:59","Baleen Whales, Delphinid spp., Snapping Shrimp",Tuesday
West Pimpernel,8/29/2018,0,0,,0,0,0,0,0,0,1,0,0,0,0,1,,,"Baleen Whales, Snapping Shrimp",Wednesday
West Pimpernel,8/29/2018,1,0,,0,0,0,0,0,0,1,0,0,0,0,1,,,"Baleen Whales, Snapping Shrimp",Wednesday
West Pimpernel,8/29/2018,2,0,,0,0,0,0,0,0,1,0,0,0,0,1,,,"Baleen Whales, Snapping Shrimp",Wednesday
West Pimpernel,8/29/2018,3,0,,0,0,0,0,0,0,1,0,0,0,0,1,,,"Baleen Whales, Snapping Shrimp",Wednesday
West Pimpernel,8/29/2018,4,0,,0,0,0,0,0,0,1,0,0,0,0,1,,,"Baleen Whales, Snapping Shrimp",Wednesday
West Pimpernel,8/29/2018,5,0,,0,0,0,0,0,0,1,0,0,0,1,1,1-2 khz,,"Baleen Whales, Fish Chorus, Snapping Shrimp",Wednesday
West Pimpernel,8/29/2018,6,1,,0,2,0,0,0,2,1,0,0,0,0,1,,,"Baleen Whales, Snapping Shrimp",Wednesday
West Pimpernel,8/29/2018,7,1,,0,0,0,2,0,2,1,0,0,0,0,1,,,"Baleen Whales, Snapping Shrimp",Wednesday
West Pimpernel,8/29/2018,8,1,,0,4,0,1,0,5,1,0,0,0,0,1,,,"Baleen Whales, Snapping Shrimp",Wednesday
West Pimpernel,8/29/2018,9,1,,0,2,0,0,2,5,1,1,0,0,0,1,,,"Baleen Whales, Delphinid spp., Snapping Shrimp",Wednesday
West Pimpernel,8/29/2018,10,1,,0,4,0,2,1,7,1,0,0,0,0,1,,,"Baleen Whales, Snapping Shrimp",Wednesday
West Pimpernel,8/29/2018,11,1,,0,2,0,0,0,3,1,0,0,0,0,1,,,"Baleen Whales, Snapping Shrimp",Wednesday
West Pimpernel,8/29/2018,12,1,,1,2,0,1,0,4,1,0,0,0,0,1,,,"Baleen Whales, Snapping Shrimp",Wednesday
West Pimpernel,8/29/2018,13,0,,0,0,0,0,0,0,1,0,0,0,0,1,,,"Baleen Whales, Snapping Shrimp",Wednesday
West Pimpernel,8/29/2018,14,1,,0,1,0,0,0,1,1,0,0,0,0,1,,,"Baleen Whales, Snapping Shrimp",Wednesday
West Pimpernel,8/29/2018,15,0,,0,0,0,0,0,0,1,1,0,0,0,1,,squeaky dolphin/fish calls at 15:12:10,"Baleen Whales, Delphinid spp., Snapping Shrimp",Wednesday
West Pimpernel,8/29/2018,16,0,,0,0,0,0,0,0,1,1,0,0,0,1,,squeaky dolphin/fish calls at 16:09:21,"Baleen Whales, Delphinid spp., Snapping Shrimp",Wednesday
West Pimpernel,8/29/2018,17,1,,4,0,0,0,1,5,1,1,0,0,1,1,"1-2 khz, 250 hz",,"Baleen Whales, Delphinid spp., Fish Chorus, Snapping Shrimp",Wednesday
West Pimpernel,8/29/2018,18,1,,1,0,0,0,0,1,1,1,0,0,1,1,"1-2 khz, 500 hz","squeaky dolphin/fish calls with clicks 18:33:08, 18:34:53","Baleen Whales, Delphinid spp., Fish Chorus, Snapping Shrimp",Wednesday
West Pimpernel,8/29/2018,19,0,,0,0,0,0,0,0,1,1,0,0,1,1,1 khz,,"Baleen Whales, Delphinid spp., Fish Chorus, Snapping Shrimp",Wednesday
West Pimpernel,8/29/2018,20,0,,0,0,0,0,0,0,1,1,0,0,1,1,500 hz,,"Baleen Whales, Delphinid spp., Fish Chorus, Snapping Shrimp",Wednesday
West Pimpernel,8/29/2018,21,0,,0,0,0,0,0,0,1,0,0,0,0,1,,,"Baleen Whales, Snapping Shrimp",Wednesday
West Pimpernel,8/29/2018,22,0,,0,0,0,0,0,0,1,0,0,0,0,1,,,"Baleen Whales, Snapping Shrimp",Wednesday
West Pimpernel,8/29/2018,23,0,,0,0,0,0,0,0,1,1,0,0,0,1,,squeaky dolphin/fish calls at 23:05:37 and intermittently throughout the hour,"Baleen Whales, Delphinid spp., Snapping Shrimp",Wednesday
West Pimpernel,8/30/2018,0,0,,0,0,0,0,0,0,1,0,0,0,0,1,,,"Baleen Whales, Snapping Shrimp",Thursday
West Pimpernel,8/30/2018,1,0,,0,0,0,0,0,0,1,0,0,0,0,1,,,"Baleen Whales, Snapping Shrimp",Thursday
West Pimpernel,8/30/2018,2,0,,0,0,0,0,0,0,1,0,0,0,0,1,,,"Baleen Whales, Snapping Shrimp",Thursday
West Pimpernel,8/30/2018,3,0,,0,0,0,0,0,0,1,0,0,0,0,1,,,"Baleen Whales, Snapping Shrimp",Thursday
West Pimpernel,8/30/2018,4,0,,0,0,0,0,0,0,1,1,0,0,0,1,4:21 good sample of dolphin,,"Baleen Whales, Delphinid spp., Snapping Shrimp",Thursday
West Pimpernel,8/30/2018,5,0,,0,0,0,0,0,0,1,0,0,0,1,1,1-2 khz,,"Baleen Whales, Fish Chorus, Snapping Shrimp",Thursday
West Pimpernel,8/30/2018,6,1,,0,2,0,0,0,2,1,0,0,0,0,1,,,"Baleen Whales, Snapping Shrimp",Thursday
West Pimpernel,8/30/2018,7,1,,0,0,0,1,0,1,1,0,0,0,0,1,,,"Baleen Whales, Snapping Shrimp",Thursday
West Pimpernel,8/30/2018,8,1,,0,1,0,0,0,1,1,0,0,0,0,1,,,"Baleen Whales, Snapping Shrimp",Thursday
West Pimpernel,8/30/2018,9,1,,0,1,0,0,0,1,1,0,0,0,0,1,,,"Baleen Whales, Snapping Shrimp",Thursday
West Pimpernel,8/30/2018,10,1,,0,1,0,1,0,2,1,0,0,0,0,1,,,"Baleen Whales, Snapping Shrimp",Thursday
West Pimpernel,8/30/2018,11,0,,0,0,0,0,0,0,1,0,0,0,0,1,,,"Baleen Whales, Snapping Shrimp",Thursday
West Pimpernel,8/30/2018,12,0,,0,0,0,0,0,0,1,0,0,0,0,1,,,"Baleen Whales, Snapping Shrimp",Thursday
West Pimpernel,8/30/2018,13,0,,0,0,0,0,0,0,1,0,0,0,0,1,,,"Baleen Whales, Snapping Shrimp",Thursday
West Pimpernel,8/30/2018,14,1,,2,1,0,0,0,3,1,0,0,0,0,1,,,"Baleen Whales, Snapping Shrimp",Thursday
West Pimpernel,8/30/2018,15,1,,4,0,1,0,0,5,1,0,0,0,0,1,,,"Baleen Whales, Snapping Shrimp",Thursday
West Pimpernel,8/30/2018,16,1,,6,0,0,0,0,6,1,0,0,0,0,1,,,"Baleen Whales, Snapping Shrimp",Thursday
West Pimpernel,8/30/2018,17,0,,0,0,0,0,0,0,1,0,0,0,1,1,"1-2 khz, 500 hz",,"Baleen Whales, Fish Chorus, Snapping Shrimp",Thursday
West Pimpernel,8/30/2018,18,0,,0,0,0,0,0,0,1,0,0,0,1,1,"1-2 khz, 500 hz",,"Baleen Whales, Fish Chorus, Snapping Shrimp",Thursday
West Pimpernel,8/30/2018,19,0,,0,0,0,0,0,0,1,0,0,0,1,1,500 hz,,"Baleen Whales, Fish Chorus, Snapping Shrimp",Thursday
West Pimpernel,8/30/2018,20,0,,0,0,0,0,0,0,1,0,0,0,1,1,500 hz,,"Baleen Whales, Fish Chorus, Snapping Shrimp",Thursday
West Pimpernel,8/30/2018,21,1,,0,1,0,0,0,1,1,0,0,0,1,1,,,"Baleen Whales, Fish Chorus, Snapping Shrimp",Thursday
West Pimpernel,8/30/2018,22,0,,0,0,0,0,0,0,1,0,0,0,0,1,,,"Baleen Whales, Snapping Shrimp",Thursday
West Pimpernel,8/30/2018,23,0,,0,0,0,0,0,0,1,0,0,0,0,1,,,"Baleen Whales, Snapping Shrimp",Thursday
West Pimpernel,8/31/2018,0,0,,0,0,0,0,0,0,1,0,0,0,0,1,,,"Baleen Whales, Snapping Shrimp",Friday
West Pimpernel,8/31/2018,1,0,,0,0,0,0,0,0,1,0,0,0,0,1,,,"Baleen Whales, Snapping Shrimp",Friday
West Pimpernel,8/31/2018,2,0,,0,0,0,0,0,0,1,0,0,0,0,1,,,"Baleen Whales, Snapping Shrimp",Friday
West Pimpernel,8/31/2018,3,0,,0,0,0,0,0,0,1,0,0,0,0,1,,,"Baleen Whales, Snapping Shrimp",Friday
West Pimpernel,8/31/2018,4,0,,0,0,0,0,0,0,1,0,0,0,0,1,,,"Baleen Whales, Snapping Shrimp",Friday
West Pimpernel,8/31/2018,5,0,,0,0,0,0,0,0,1,0,0,0,1,1,1-2 khz,,"Baleen Whales, Fish Chorus, Snapping Shrimp",Friday
West Pimpernel,8/31/2018,6,0,,0,0,0,0,0,0,1,0,0,0,0,1,,,"Baleen Whales, Snapping Shrimp",Friday
West Pimpernel,8/31/2018,7,1,,0,1,0,0,0,1,1,0,0,0,0,1,,,"Baleen Whales, Snapping Shrimp",Friday
West Pimpernel,8/31/2018,8,1,,0,1,0,0,2,3,1,0,0,0,0,1,,,"Baleen Whales, Snapping Shrimp",Friday
West Pimpernel,8/31/2018,9,1,,0,0,0,2,1,3,1,0,0,0,0,1,,,"Baleen Whales, Snapping Shrimp",Friday
West Pimpernel,8/31/2018,10,1,,0,1,0,0,0,1,1,0,0,0,0,1,,,"Baleen Whales, Snapping Shrimp",Friday
West Pimpernel,8/31/2018,11,0,,0,0,0,0,0,0,1,0,0,0,0,1,,,"Baleen Whales, Snapping Shrimp",Friday
West Pimpernel,8/31/2018,12,0,,0,0,0,0,0,0,1,0,0,0,0,1,,possible RW or at least non-song Mn calls 12:15:46,"Baleen Whales, Snapping Shrimp",Friday
West Pimpernel,8/31/2018,13,0,,0,0,0,0,0,0,1,0,0,0,0,1,,,"Baleen Whales, Snapping Shrimp",Friday
West Pimpernel,8/31/2018,14,0,,0,0,0,0,0,0,1,0,0,0,0,1,,,"Baleen Whales, Snapping Shrimp",Friday
West Pimpernel,8/31/2018,15,0,,0,0,0,0,0,0,1,0,0,0,0,1,,,"Baleen Whales, Snapping Shrimp",Friday
West Pimpernel,8/31/2018,16,0,,0,0,0,0,0,0,1,0,0,0,0,1,,,"Baleen Whales, Snapping Shrimp",Friday
West Pimpernel,8/31/2018,17,0,,0,0,0,0,0,0,1,0,0,0,1,1,"1-2 khz, 500 hz",,"Baleen Whales, Fish Chorus, Snapping Shrimp",Friday
West Pimpernel,8/31/2018,18,0,,0,0,0,0,0,0,1,0,0,0,1,1,"1-2 khz, 500 hz",,"Baleen Whales, Fish Chorus, Snapping Shrimp",Friday
West Pimpernel,8/31/2018,19,0,,0,0,0,0,0,0,1,0,0,0,1,1,1 khz,,"Baleen Whales, Fish Chorus, Snapping Shrimp",Friday
West Pimpernel,8/31/2018,20,0,,0,0,0,0,0,0,1,0,0,0,1,1,500 hz,,"Baleen Whales, Fish Chorus, Snapping Shrimp",Friday
West Pimpernel,8/31/2018,21,0,,0,0,0,0,0,0,1,0,0,0,1,1,500 hz,,"Baleen Whales, Fish Chorus, Snapping Shrimp",Friday
West Pimpernel,8/31/2018,22,0,,0,0,0,0,0,0,1,0,0,0,0,1,,,"Baleen Whales, Snapping Shrimp",Friday
West Pimpernel,8/31/2018,23,0,,0,0,0,0,0,0,1,0,0,0,0,1,,,"Baleen Whales, Snapping Shrimp",Friday
West Pimpernel,9/1/2018,0,0,,0,0,0,0,0,0,1,0,0,0,0,1,,,"Baleen Whales, Snapping Shrimp",Saturday
West Pimpernel,9/1/2018,1,0,,0,0,0,0,0,0,1,0,0,0,0,1,,,"Baleen Whales, Snapping Shrimp",Saturday
West Pimpernel,9/1/2018,2,0,,0,0,0,0,0,0,1,0,0,0,0,1,,,"Baleen Whales, Snapping Shrimp",Saturday
West Pimpernel,9/1/2018,3,0,,0,0,0,0,0,0,1,0,0,0,0,1,,,"Baleen Whales, Snapping Shrimp",Saturday
West Pimpernel,9/1/2018,4,0,,0,0,0,0,0,0,1,0,0,0,0,1,,,"Baleen Whales, Snapping Shrimp",Saturday
West Pimpernel,9/1/2018,5,0,,0,0,0,0,0,0,1,0,0,0,1,1,1-2 khz,,"Baleen Whales, Fish Chorus, Snapping Shrimp",Saturday
West Pimpernel,9/1/2018,6,0,,0,0,0,0,0,0,1,0,0,0,0,1,,,"Baleen Whales, Snapping Shrimp",Saturday
West Pimpernel,9/1/2018,7,0,,0,0,0,0,0,0,1,0,0,0,0,1,,,"Baleen Whales, Snapping Shrimp",Saturday
West Pimpernel,9/1/2018,8,0,,0,0,0,0,0,0,1,0,0,0,0,1,,,"Baleen Whales, Snapping Shrimp",Saturday
West Pimpernel,9/1/2018,9,0,,0,0,0,0,0,0,1,0,0,0,0,1,,,"Baleen Whales, Snapping Shrimp",Saturday
West Pimpernel,9/1/2018,10,1,,2,0,0,0,0,2,1,0,0,0,0,1,,,"Baleen Whales, Snapping Shrimp",Saturday
West Pimpernel,9/1/2018,11,1,,0,1,0,0,0,1,1,0,0,0,0,1,,,"Baleen Whales, Snapping Shrimp",Saturday
West Pimpernel,9/1/2018,12,1,,0,0,0,0,0,1,1,0,0,0,0,1,,,"Baleen Whales, Snapping Shrimp",Saturday
West Pimpernel,9/1/2018,13,1,,0,0,0,0,1,1,1,0,0,0,0,1,,,"Baleen Whales, Snapping Shrimp",Saturday
West Pimpernel,9/1/2018,14,0,,0,0,0,0,0,0,1,0,0,0,0,1,,,"Baleen Whales, Snapping Shrimp",Saturday
West Pimpernel,9/1/2018,15,1,,1,0,0,0,0,1,1,0,0,0,0,1,,,"Baleen Whales, Snapping Shrimp",Saturday
West Pimpernel,9/1/2018,16,0,,0,0,0,0,0,0,1,0,0,0,0,1,,,"Baleen Whales, Snapping Shrimp",Saturday
West Pimpernel,9/1/2018,17,0,,0,0,0,0,0,0,1,0,0,0,1,1,"1-2 khz, 500 hz",,"Baleen Whales, Fish Chorus, Snapping Shrimp",Saturday
West Pimpernel,9/1/2018,18,0,,0,0,0,0,0,0,1,0,0,0,1,1,"1-2 khz, 500 hz",,"Baleen Whales, Fish Chorus, Snapping Shrimp",Saturday
West Pimpernel,9/1/2018,19,0,,0,0,0,0,0,0,1,1,0,0,1,1,1 khz,,"Baleen Whales, Delphinid spp., Fish Chorus, Snapping Shrimp",Saturday
West Pimpernel,9/1/2018,20,0,,0,0,0,0,0,0,1,0,0,0,1,1,1 khz,,"Baleen Whales, Fish Chorus, Snapping Shrimp",Saturday
West Pimpernel,9/1/2018,21,0,,0,0,0,0,0,0,1,0,0,0,1,1,1 khz,,"Baleen Whales, Fish Chorus, Snapping Shrimp",Saturday
West Pimpernel,9/1/2018,22,0,,0,0,0,0,0,0,1,0,0,0,0,1,,,"Baleen Whales, Snapping Shrimp",Saturday
West Pimpernel,9/1/2018,23,0,,0,0,0,0,0,0,1,1,0,0,0,1,,,"Baleen Whales, Delphinid spp., Snapping Shrimp",Saturday
West Pimpernel,9/2/2018,0,0,,0,0,0,0,0,0,1,0,0,0,0,1,,,"Baleen Whales, Snapping Shrimp",Sunday
West Pimpernel,9/2/2018,1,0,,0,0,0,0,0,0,1,0,0,0,0,1,,,"Baleen Whales, Snapping Shrimp",Sunday
West Pimpernel,9/2/2018,2,0,,0,0,0,0,0,0,1,0,0,0,0,1,,,"Baleen Whales, Snapping Shrimp",Sunday
West Pimpernel,9/2/2018,3,0,,0,0,0,0,0,0,1,0,0,0,0,1,,,"Baleen Whales, Snapping Shrimp",Sunday
West Pimpernel,9/2/2018,4,0,,0,0,0,0,0,0,1,0,0,0,0,1,,,"Baleen Whales, Snapping Shrimp",Sunday
West Pimpernel,9/2/2018,5,0,,0,0,0,0,0,0,1,0,0,0,1,1,1-2 khz,,"Baleen Whales, Fish Chorus, Snapping Shrimp",Sunday
West Pimpernel,9/2/2018,6,0,,0,0,0,0,0,0,1,0,0,0,0,1,,,"Baleen Whales, Snapping Shrimp",Sunday
West Pimpernel,9/2/2018,7,1,,0,0,0,0,2,2,1,0,0,0,0,1,,,"Baleen Whales, Snapping Shrimp",Sunday
West Pimpernel,9/2/2018,8,1,,0,0,0,1,0,1,1,0,0,0,0,1,,,"Baleen Whales, Snapping Shrimp",Sunday
West Pimpernel,9/2/2018,9,0,,0,0,0,0,0,0,1,0,0,0,0,1,,,"Baleen Whales, Snapping Shrimp",Sunday
West Pimpernel,9/2/2018,10,0,,0,0,0,0,0,0,1,1,0,0,0,1,,,"Baleen Whales, Delphinid spp., Snapping Shrimp",Sunday
West Pimpernel,9/2/2018,11,0,,0,0,0,0,0,0,1,1,0,0,1,1,500 hz,squeaky dolphin/fish calls start 10:05:16,"Baleen Whales, Delphinid spp., Fish Chorus, Snapping Shrimp",Sunday
West Pimpernel,9/2/2018,12,0,,0,0,0,0,0,0,1,1,0,0,0,1,,squeaky dolphin/fish calls start 11:16:44; low rumble (boat??) 11:59:56,"Baleen Whales, Delphinid spp., Snapping Shrimp",Sunday
West Pimpernel,9/2/2018,13,0,,0,0,0,0,0,0,1,1,0,0,0,1,,squeaky dolphin/fish calls start 12:10:38,"Baleen Whales, Delphinid spp., Snapping Shrimp",Sunday
West Pimpernel,9/2/2018,14,0,,0,0,0,0,0,0,1,1,0,0,0,1,,squeaky dolphin/fish calls start 13:04:33,"Baleen Whales, Delphinid spp., Snapping Shrimp",Sunday
West Pimpernel,9/2/2018,15,0,,0,0,0,0,0,0,1,1,0,0,1,1,500 hz,squeaky dolphin/fish calls start 14:02:32,"Baleen Whales, Delphinid spp., Fish Chorus, Snapping Shrimp",Sunday
West Pimpernel,9/2/2018,16,0,,0,0,0,0,0,0,1,1,0,0,1,1,500 hz,squeaky dolphin/fish calls start 15:03:30,"Baleen Whales, Delphinid spp., Fish Chorus, Snapping Shrimp",Sunday
West Pimpernel,9/2/2018,17,0,,0,0,0,0,0,0,1,1,0,0,1,1,"1-2 khz, 500 hz",squeaky dolphin/fish calls start 16:02:04,"Baleen Whales, Delphinid spp., Fish Chorus, Snapping Shrimp",Sunday
West Pimpernel,9/2/2018,18,0,,0,0,0,0,0,0,1,1,0,0,1,1,"1-2 khz, 500 hz",,"Baleen Whales, Delphinid spp., Fish Chorus, Snapping Shrimp",Sunday
West Pimpernel,9/2/2018,19,0,,0,0,0,0,0,0,1,1,0,0,1,1,1 khz,,"Baleen Whales, Delphinid spp., Fish Chorus, Snapping Shrimp",Sunday
West Pimpernel,9/2/2018,20,0,,0,0,0,0,0,0,1,0,0,0,1,1,1 khz,,"Baleen Whales, Fish Chorus, Snapping Shrimp",Sunday
West Pimpernel,9/2/2018,21,0,,0,0,0,0,0,0,1,1,0,0,1,1,1 khz,,"Baleen Whales, Delphinid spp., Fish Chorus, Snapping Shrimp",Sunday
West Pimpernel,9/2/2018,22,0,,0,0,0,0,0,0,1,1,0,0,0,1,,squeaky dolphin/fish calls 22:00:36,"Baleen Whales, Delphinid spp., Snapping Shrimp",Sunday
West Pimpernel,9/2/2018,23,0,,0,0,0,0,0,0,1,1,0,0,0,1,,,"Baleen Whales, Delphinid spp., Snapping Shrimp",Sunday
West Pimpernel,9/3/2018,0,0,,0,0,0,0,0,0,1,0,0,0,0,1,,,"Baleen Whales, Snapping Shrimp",Monday
West Pimpernel,9/3/2018,1,0,,0,0,0,0,0,0,1,0,0,0,0,1,,,"Baleen Whales, Snapping Shrimp",Monday
West Pimpernel,9/3/2018,2,0,,0,0,0,0,0,0,1,0,0,0,0,1,,,"Baleen Whales, Snapping Shrimp",Monday
West Pimpernel,9/3/2018,3,0,,0,0,0,0,0,0,1,0,0,0,0,1,,,"Baleen Whales, Snapping Shrimp",Monday
West Pimpernel,9/3/2018,4,0,,0,0,0,0,0,0,1,0,0,0,0,1,,possible RW gunshot 04:53:33,"Baleen Whales, Snapping Shrimp",Monday
West Pimpernel,9/3/2018,5,0,,0,0,0,0,0,0,1,0,0,0,1,1,1-2 khz,,"Baleen Whales, Fish Chorus, Snapping Shrimp",Monday
West Pimpernel,9/3/2018,6,0,,0,0,0,0,0,0,1,0,0,0,0,1,,,"Baleen Whales, Snapping Shrimp",Monday
West Pimpernel,9/3/2018,7,0,,0,0,0,0,0,0,1,0,0,0,0,1,,,"Baleen Whales, Snapping Shrimp",Monday
West Pimpernel,9/3/2018,8,0,,0,0,0,0,0,0,1,0,0,0,0,1,,,"Baleen Whales, Snapping Shrimp",Monday
West Pimpernel,9/3/2018,9,0,,0,0,0,0,0,0,1,0,0,0,0,1,,,"Baleen Whales, Snapping Shrimp",Monday
West Pimpernel,9/3/2018,10,0,,0,0,0,0,0,0,1,0,0,0,0,1,,,"Baleen Whales, Snapping Shrimp",Monday
West Pimpernel,9/3/2018,11,0,,0,0,0,0,0,0,1,0,0,0,0,1,,,"Baleen Whales, Snapping Shrimp",Monday
West Pimpernel,9/3/2018,12,0,,0,0,0,0,0,0,1,0,0,0,0,1,,,"Baleen Whales, Snapping Shrimp",Monday
West Pimpernel,9/3/2018,13,0,,0,0,0,0,0,0,1,0,0,0,0,1,,,"Baleen Whales, Snapping Shrimp",Monday
West Pimpernel,9/3/2018,14,0,,0,0,0,0,0,0,1,0,0,0,0,1,,,"Baleen Whales, Snapping Shrimp",Monday
West Pimpernel,9/3/2018,15,0,,0,0,0,0,0,0,1,0,0,0,0,1,,squeaky dolphin/fish calls at 15:22:12,"Baleen Whales, Snapping Shrimp",Monday
West Pimpernel,9/3/2018,16,0,,0,0,0,0,0,0,1,0,0,0,0,1,,,"Baleen Whales, Snapping Shrimp",Monday
West Pimpernel,9/3/2018,17,0,,0,0,0,0,0,0,1,0,0,0,1,1,"1-2 khz, 500 hz",,"Baleen Whales, Fish Chorus, Snapping Shrimp",Monday
West Pimpernel,9/3/2018,18,0,,0,0,0,0,0,0,1,0,0,0,1,1,"1-2 khz, 500 hz",,"Baleen Whales, Fish Chorus, Snapping Shrimp",Monday
West Pimpernel,9/3/2018,19,0,,0,0,0,0,0,0,1,0,0,0,1,1,1 khz,,"Baleen Whales, Fish Chorus, Snapping Shrimp",Monday
West Pimpernel,9/3/2018,20,0,,0,0,0,0,0,0,1,1,0,0,1,1,1 khz,,"Baleen Whales, Delphinid spp., Fish Chorus, Snapping Shrimp",Monday
West Pimpernel,9/3/2018,21,0,,0,0,0,0,0,0,1,1,0,0,1,1,1 khz,,"Baleen Whales, Delphinid spp., Fish Chorus, Snapping Shrimp",Monday
West Pimpernel,9/3/2018,22,0,,0,0,0,0,0,0,1,1,0,0,0,1,,,"Baleen Whales, Delphinid spp., Snapping Shrimp",Monday
West Pimpernel,9/3/2018,23,1,,0,0,0,0,1,1,1,1,0,0,0,1,,,"Baleen Whales, Delphinid spp., Snapping Shrimp",Monday
West Pimpernel,9/4/2018,0,0,,0,0,0,0,0,0,1,0,0,0,0,1,,,"Baleen Whales, Snapping Shrimp",Tuesday
West Pimpernel,9/4/2018,1,0,,0,0,0,0,0,0,1,0,0,0,0,1,,,"Baleen Whales, Snapping Shrimp",Tuesday
West Pimpernel,9/4/2018,2,0,,0,0,0,0,0,0,1,0,0,0,0,1,,,"Baleen Whales, Snapping Shrimp",Tuesday
West Pimpernel,9/4/2018,3,0,,0,0,0,0,0,0,1,0,0,0,0,1,,,"Baleen Whales, Snapping Shrimp",Tuesday
West Pimpernel,9/4/2018,4,0,,0,0,0,0,0,0,1,0,0,0,0,1,,,"Baleen Whales, Snapping Shrimp",Tuesday
West Pimpernel,9/4/2018,5,0,,0,0,0,0,0,0,1,0,0,0,1,1,1-2 khz,,"Baleen Whales, Fish Chorus, Snapping Shrimp",Tuesday
West Pimpernel,9/4/2018,6,0,,0,0,0,0,0,0,1,0,0,0,0,1,,,"Baleen Whales, Snapping Shrimp",Tuesday
West Pimpernel,9/4/2018,7,0,,0,0,0,0,0,0,1,0,0,0,0,1,,,"Baleen Whales, Snapping Shrimp",Tuesday
West Pimpernel,9/4/2018,8,0,,0,0,0,0,0,0,1,0,0,0,0,1,,,"Baleen Whales, Snapping Shrimp",Tuesday
West Pimpernel,9/4/2018,9,0,,0,0,0,0,0,0,1,0,0,0,0,1,,,"Baleen Whales, Snapping Shrimp",Tuesday
West Pimpernel,9/4/2018,10,0,,0,0,0,0,0,0,1,0,0,0,0,1,,,"Baleen Whales, Snapping Shrimp",Tuesday
West Pimpernel,9/4/2018,11,0,,0,0,0,0,0,0,1,0,0,0,0,1,,,"Baleen Whales, Snapping Shrimp",Tuesday
West Pimpernel,9/4/2018,12,0,,0,0,0,0,0,0,1,0,0,0,0,1,,,"Baleen Whales, Snapping Shrimp",Tuesday
West Pimpernel,9/4/2018,13,0,,0,0,0,0,0,0,1,0,0,0,0,1,,,"Baleen Whales, Snapping Shrimp",Tuesday
West Pimpernel,9/4/2018,14,0,,0,0,0,0,0,0,1,0,0,0,0,1,,,"Baleen Whales, Snapping Shrimp",Tuesday
West Pimpernel,9/4/2018,15,0,,0,0,0,0,0,0,1,0,0,0,0,1,,,"Baleen Whales, Snapping Shrimp",Tuesday
West Pimpernel,9/4/2018,16,0,,0,0,0,0,0,0,1,0,0,0,0,1,,,"Baleen Whales, Snapping Shrimp",Tuesday
West Pimpernel,9/4/2018,17,0,,0,0,0,0,0,0,1,0,0,0,1,1,"1-2 khz, 500 hz",,"Baleen Whales, Fish Chorus, Snapping Shrimp",Tuesday
West Pimpernel,9/4/2018,18,0,,0,0,0,0,0,0,1,1,0,0,1,1,"1-2 khz, 500 hz",,"Baleen Whales, Delphinid spp., Fish Chorus, Snapping Shrimp",Tuesday
West Pimpernel,9/4/2018,19,0,,0,0,0,0,0,0,1,1,0,0,1,1,500 hz,,"Baleen Whales, Delphinid spp., Fish Chorus, Snapping Shrimp",Tuesday
West Pimpernel,9/4/2018,20,0,,0,0,0,0,0,0,1,0,0,0,1,1,500 hz,,"Baleen Whales, Fish Chorus, Snapping Shrimp",Tuesday
West Pimpernel,9/4/2018,21,0,,0,0,0,0,0,0,1,1,0,0,0,1,,unk baleen downsweep 21:59:51,"Baleen Whales, Delphinid spp., Snapping Shrimp",Tuesday
West Pimpernel,9/4/2018,22,0,,0,0,0,0,0,0,1,0,0,0,0,1,,,"Baleen Whales, Snapping Shrimp",Tuesday
West Pimpernel,9/4/2018,23,0,,0,0,0,0,0,0,1,0,0,0,0,1,,,"Baleen Whales, Snapping Shrimp",Tuesday
West Pimpernel,9/5/2018,0,0,,0,0,0,0,0,0,1,0,0,0,0,1,,,"Baleen Whales, Snapping Shrimp",Wednesday
West Pimpernel,9/5/2018,1,0,,0,0,0,0,0,0,1,0,0,0,0,1,,,"Baleen Whales, Snapping Shrimp",Wednesday
West Pimpernel,9/5/2018,2,0,,0,0,0,0,0,0,1,0,0,0,0,1,,,"Baleen Whales, Snapping Shrimp",Wednesday
West Pimpernel,9/5/2018,3,0,,0,0,0,0,0,0,1,0,1,0,0,1,,"baleen calls 03:27:29, 03:31:23","Baleen Whales, Snapping Shrimp",Wednesday
West Pimpernel,9/5/2018,4,0,,0,0,0,0,0,0,1,0,0,0,0,1,,,"Baleen Whales, Snapping Shrimp",Wednesday
West Pimpernel,9/5/2018,5,0,,0,0,0,0,0,0,1,0,0,0,1,1,1-2 khz,,"Baleen Whales, Fish Chorus, Snapping Shrimp",Wednesday
West Pimpernel,9/5/2018,6,0,,0,0,0,0,0,0,1,0,0,0,0,1,,,"Baleen Whales, Snapping Shrimp",Wednesday
West Pimpernel,9/5/2018,7,0,,0,0,0,0,0,0,1,0,0,0,0,1,,barky/squeaky calls 07:48:55,"Baleen Whales, Snapping Shrimp",Wednesday
West Pimpernel,9/5/2018,8,0,,0,0,0,0,0,0,1,0,0,0,0,1,,barky/squeaky calls 08:06:48,"Baleen Whales, Snapping Shrimp",Wednesday
West Pimpernel,9/5/2018,9,0,,0,0,0,0,0,0,1,0,0,0,0,1,,,"Baleen Whales, Snapping Shrimp",Wednesday
West Pimpernel,9/5/2018,10,0,,0,0,0,0,0,0,1,1,0,0,0,1,,"squeaky dolphin/fish calls 10:51:53, also occurred earlier this hour","Baleen Whales, Delphinid spp., Snapping Shrimp",Wednesday
West Pimpernel,9/5/2018,11,0,,0,0,0,0,0,0,1,1,0,0,0,1,,squeaky dolphin/fish calls 111:02:30,"Baleen Whales, Delphinid spp., Snapping Shrimp",Wednesday
West Pimpernel,9/5/2018,12,0,,0,0,0,0,0,0,1,0,0,0,0,1,,,"Baleen Whales, Snapping Shrimp",Wednesday
West Pimpernel,9/5/2018,13,0,,0,0,0,0,0,0,1,0,0,0,0,1,,,"Baleen Whales, Snapping Shrimp",Wednesday
West Pimpernel,9/5/2018,14,0,,0,0,0,0,0,0,1,1,0,0,0,1,check 14:43 AM,,"Baleen Whales, Delphinid spp., Snapping Shrimp",Wednesday
West Pimpernel,9/5/2018,15,0,,0,0,0,0,0,0,1,0,0,0,0,1,,,"Baleen Whales, Snapping Shrimp",Wednesday
West Pimpernel,9/5/2018,16,1,,0,0,0,0,1,1,1,0,0,0,0,1,,,"Baleen Whales, Snapping Shrimp",Wednesday
West Pimpernel,9/5/2018,17,0,,0,0,0,0,0,0,1,1,0,0,1,1,"1-2 khz, 250 hz",,"Baleen Whales, Delphinid spp., Fish Chorus, Snapping Shrimp",Wednesday
West Pimpernel,9/5/2018,18,0,,0,0,0,0,0,0,1,1,0,0,1,1,"1-2 khz, 250 hz",,"Baleen Whales, Delphinid spp., Fish Chorus, Snapping Shrimp",Wednesday
West Pimpernel,9/5/2018,19,0,,0,0,0,0,0,0,1,1,0,0,1,1,500 hz,,"Baleen Whales, Delphinid spp., Fish Chorus, Snapping Shrimp",Wednesday
West Pimpernel,9/5/2018,20,0,,0,0,0,0,0,0,1,0,1,0,1,1,500 hz,"baleen call 20:01:10, downsweep 20:40:43","Baleen Whales, Fish Chorus, Snapping Shrimp",Wednesday
West Pimpernel,9/5/2018,21,1,,0,1,0,0,0,1,1,0,0,0,0,1,,,"Baleen Whales, Snapping Shrimp",Wednesday
West Pimpernel,9/5/2018,22,1,,0,1,0,0,0,2,1,0,0,0,0,1,,,"Baleen Whales, Snapping Shrimp",Wednesday
West Pimpernel,9/5/2018,23,1,,0,1,0,0,0,1,1,0,0,0,0,1,,,"Baleen Whales, Snapping Shrimp",Wednesday
West Pimpernel,9/6/2018,0,1,,0,1,0,0,0,1,1,0,0,0,0,1,,,"Baleen Whales, Snapping Shrimp",Thursday
West Pimpernel,9/6/2018,1,1,,0,0,0,0,0,1,1,0,0,0,0,1,,,"Baleen Whales, Snapping Shrimp",Thursday
West Pimpernel,9/6/2018,2,1,,0,0,0,0,0,1,1,0,0,0,0,1,,,"Baleen Whales, Snapping Shrimp",Thursday
West Pimpernel,9/6/2018,3,0,,0,0,0,0,0,0,1,0,0,0,0,1,,,"Baleen Whales, Snapping Shrimp",Thursday
West Pimpernel,9/6/2018,4,0,,0,0,0,0,0,0,1,0,0,0,0,1,,,"Baleen Whales, Snapping Shrimp",Thursday
West Pimpernel,9/6/2018,5,1,,0,1,0,0,0,1,1,0,0,0,1,1,1-2 khz,,"Baleen Whales, Fish Chorus, Snapping Shrimp",Thursday
West Pimpernel,9/6/2018,6,0,,0,0,0,0,0,0,1,0,0,0,0,1,,,"Baleen Whales, Snapping Shrimp",Thursday
West Pimpernel,9/6/2018,7,1,,0,1,0,0,1,2,1,0,0,0,0,1,,,"Baleen Whales, Snapping Shrimp",Thursday
West Pimpernel,9/6/2018,8,1,,0,1,0,1,0,2,1,0,0,0,0,1,,,"Baleen Whales, Snapping Shrimp",Thursday
West Pimpernel,9/6/2018,9,1,,0,0,0,1,0,1,1,0,0,0,0,1,,,"Baleen Whales, Snapping Shrimp",Thursday
West Pimpernel,9/6/2018,10,1,,1,0,0,0,0,1,1,0,0,0,0,1,,,"Baleen Whales, Snapping Shrimp",Thursday
West Pimpernel,9/6/2018,11,0,,0,0,0,0,0,0,1,0,0,0,0,1,,,"Baleen Whales, Snapping Shrimp",Thursday
West Pimpernel,9/6/2018,12,1,,0,1,0,0,0,1,1,0,0,0,0,1,,,"Baleen Whales, Snapping Shrimp",Thursday
West Pimpernel,9/6/2018,13,0,,0,0,0,0,0,0,1,0,0,0,0,1,,,"Baleen Whales, Snapping Shrimp",Thursday
West Pimpernel,9/6/2018,14,1,,0,1,0,1,0,2,1,0,0,0,0,1,,,"Baleen Whales, Snapping Shrimp",Thursday
West Pimpernel,9/6/2018,15,1,,0,1,0,1,0,2,1,0,0,0,0,1,,,"Baleen Whales, Snapping Shrimp",Thursday
West Pimpernel,9/6/2018,16,1,,0,0,0,1,0,2,1,0,0,0,0,1,,,"Baleen Whales, Snapping Shrimp",Thursday
West Pimpernel,9/6/2018,17,0,,0,0,0,0,0,0,1,0,0,0,1,1,"1-2 khz, 250 hz",squeaky dolphin/fish calls 17:46:35,"Baleen Whales, Fish Chorus, Snapping Shrimp",Thursday
West Pimpernel,9/6/2018,18,0,,0,0,0,0,0,0,1,1,0,0,1,1,"1-2 khz, 250 hz",,"Baleen Whales, Delphinid spp., Fish Chorus, Snapping Shrimp",Thursday
West Pimpernel,9/6/2018,19,0,,0,0,0,0,0,0,1,0,0,0,1,1,500 hz,,"Baleen Whales, Delphinid spp., Fish Chorus, Snapping Shrimp",Thursday
West Pimpernel,9/6/2018,20,0,,0,0,0,0,0,0,1,0,0,0,0,1,,,"Baleen Whales, Snapping Shrimp",Thursday
West Pimpernel,9/6/2018,21,0,,0,0,0,0,0,0,1,0,0,0,0,1,,,"Baleen Whales, Snapping Shrimp",Thursday
West Pimpernel,9/6/2018,22,0,,0,0,0,0,0,0,1,0,1,0,0,1,,LF baleen downsweep 22:16:11,"Baleen Whales, Snapping Shrimp",Thursday
West Pimpernel,9/6/2018,23,0,,0,0,0,0,0,0,1,0,0,0,0,1,,,"Baleen Whales, Snapping Shrimp",Thursday
West Pimpernel,9/7/2018,0,0,,0,0,0,0,0,0,1,0,0,0,0,1,,,"Baleen Whales, Snapping Shrimp",Friday
West Pimpernel,9/7/2018,1,0,,0,0,0,0,0,0,1,0,0,0,0,1,,LF baleen call 01:11:59,"Baleen Whales, Snapping Shrimp",Friday
West Pimpernel,9/7/2018,2,0,,0,0,0,0,0,0,1,0,0,0,0,1,,,"Baleen Whales, Snapping Shrimp",Friday
West Pimpernel,9/7/2018,3,0,,0,0,0,0,0,0,1,0,0,0,0,1,,,"Baleen Whales, Snapping Shrimp",Friday
West Pimpernel,9/7/2018,4,0,,0,0,0,0,0,0,1,0,0,0,0,1,,,"Baleen Whales, Snapping Shrimp",Friday
West Pimpernel,9/7/2018,5,1,,0,1,0,0,0,1,1,0,0,0,1,1,1-2 khz,,"Baleen Whales, Fish Chorus, Snapping Shrimp",Friday
West Pimpernel,9/7/2018,6,1,,0,0,0,0,1,2,1,0,0,0,0,1,,,"Baleen Whales, Snapping Shrimp",Friday
West Pimpernel,9/7/2018,7,1,,0,1,0,0,0,2,1,0,0,0,0,1,,,"Baleen Whales, Snapping Shrimp",Friday
West Pimpernel,9/7/2018,8,1,,0,0,0,0,0,1,1,0,0,0,0,1,,,"Baleen Whales, Snapping Shrimp",Friday
West Pimpernel,9/7/2018,9,1,,0,2,0,0,0,2,1,0,0,0,0,1,,,"Baleen Whales, Snapping Shrimp",Friday
West Pimpernel,9/7/2018,10,1,,0,0,0,0,0,1,1,0,0,0,0,1,,,"Baleen Whales, Snapping Shrimp",Friday
West Pimpernel,9/7/2018,11,0,,0,0,0,0,0,0,1,0,0,0,0,1,,,"Baleen Whales, Snapping Shrimp",Friday
West Pimpernel,9/7/2018,12,0,,0,0,0,0,0,0,1,0,0,0,0,1,,,"Baleen Whales, Snapping Shrimp",Friday
West Pimpernel,9/7/2018,13,0,,0,0,0,0,0,0,1,0,0,0,0,1,,possible RW 13:54:01,"Baleen Whales, Snapping Shrimp",Friday
West Pimpernel,9/7/2018,14,0,,0,0,0,0,0,0,1,0,0,0,0,1,,,"Baleen Whales, Snapping Shrimp",Friday
West Pimpernel,9/7/2018,15,0,,0,0,0,0,0,0,1,0,0,0,0,1,,,"Baleen Whales, Snapping Shrimp",Friday
West Pimpernel,9/7/2018,16,0,,0,0,0,0,0,0,1,0,0,0,0,1,,,"Baleen Whales, Snapping Shrimp",Friday
West Pimpernel,9/7/2018,17,0,,0,0,0,0,0,0,1,0,0,0,1,1,"1-2 khz, 250 hz",,"Baleen Whales, Fish Chorus, Snapping Shrimp",Friday
West Pimpernel,9/7/2018,18,0,,0,0,0,0,0,0,1,0,0,0,1,1,"1-2 khz, 250 hz",,"Baleen Whales, Fish Chorus, Snapping Shrimp",Friday
West Pimpernel,9/7/2018,19,0,,0,0,0,0,0,0,1,1,0,0,0,1,,,"Baleen Whales, Delphinid spp., Snapping Shrimp",Friday
West Pimpernel,9/7/2018,20,0,,0,0,0,0,0,0,1,0,0,0,0,1,,,"Baleen Whales, Snapping Shrimp",Friday
West Pimpernel,9/7/2018,21,0,,0,0,0,0,0,0,1,0,0,0,0,1,,,"Baleen Whales, Snapping Shrimp",Friday
West Pimpernel,9/7/2018,22,0,,0,0,0,0,0,0,1,0,0,0,0,1,,,"Baleen Whales, Snapping Shrimp",Friday
West Pimpernel,9/7/2018,23,0,,0,0,0,0,0,0,1,0,0,0,0,1,,,"Baleen Whales, Snapping Shrimp",Friday
West Pimpernel,9/8/2018,0,0,,0,0,0,0,0,0,1,0,0,0,0,1,,,"Baleen Whales, Snapping Shrimp",Saturday
West Pimpernel,9/8/2018,1,0,,0,0,0,0,0,0,1,0,0,0,0,1,,,"Baleen Whales, Snapping Shrimp",Saturday
West Pimpernel,9/8/2018,2,0,,0,0,0,0,0,0,1,0,0,0,0,1,,,"Baleen Whales, Snapping Shrimp",Saturday
West Pimpernel,9/8/2018,3,0,,0,0,0,0,0,0,1,0,0,0,0,1,,,"Baleen Whales, Snapping Shrimp",Saturday
West Pimpernel,9/8/2018,4,0,,0,0,0,0,0,0,1,0,0,0,0,1,,,"Baleen Whales, Snapping Shrimp",Saturday
West Pimpernel,9/8/2018,5,0,,0,0,0,0,0,0,1,0,0,0,1,1,0-2 khz,,"Baleen Whales, Fish Chorus, Snapping Shrimp",Saturday
West Pimpernel,9/8/2018,6,0,,0,0,0,0,0,0,1,0,0,0,0,1,,,"Baleen Whales, Snapping Shrimp",Saturday
West Pimpernel,9/8/2018,7,1,,0,1,0,0,0,1,1,0,0,0,0,1,,,"Baleen Whales, Snapping Shrimp",Saturday
West Pimpernel,9/8/2018,8,0,,0,0,0,0,0,0,1,0,0,0,0,1,,,"Baleen Whales, Snapping Shrimp",Saturday
West Pimpernel,9/8/2018,9,0,,0,0,0,0,0,0,1,0,0,0,0,1,,,"Baleen Whales, Snapping Shrimp",Saturday
West Pimpernel,9/8/2018,10,0,,0,0,0,0,0,0,1,0,0,0,0,1,,,"Baleen Whales, Snapping Shrimp",Saturday
West Pimpernel,9/8/2018,11,0,,0,0,0,0,0,0,1,0,0,0,0,1,,,"Baleen Whales, Snapping Shrimp",Saturday
West Pimpernel,9/8/2018,12,0,,0,0,0,0,0,0,1,0,0,0,0,1,,,"Baleen Whales, Snapping Shrimp",Saturday
West Pimpernel,9/8/2018,13,0,,0,0,0,0,0,0,1,0,0,0,0,1,,,"Baleen Whales, Snapping Shrimp",Saturday
West Pimpernel,9/8/2018,14,0,,0,0,0,0,0,0,1,0,0,0,0,1,,,"Baleen Whales, Snapping Shrimp",Saturday
West Pimpernel,9/8/2018,15,0,,0,0,0,0,0,0,1,0,0,0,0,1,,squeaky dolphin/fish calls at 15:18:49,"Baleen Whales, Snapping Shrimp",Saturday
West Pimpernel,9/8/2018,16,0,,0,0,0,0,0,0,1,0,0,0,0,1,,,"Baleen Whales, Snapping Shrimp",Saturday
West Pimpernel,9/8/2018,17,0,,0,0,0,0,0,0,1,1,0,0,1,1,"1-2 khz, 500 hz",squeaky dolphin/fish calls 17:35:34,"Baleen Whales, Delphinid spp., Fish Chorus, Snapping Shrimp",Saturday
West Pimpernel,9/8/2018,18,0,,0,0,0,0,0,0,1,1,0,0,1,1,"1-2 khz, 500 hz",,"Baleen Whales, Delphinid spp., Fish Chorus, Snapping Shrimp",Saturday
West Pimpernel,9/8/2018,19,0,,0,0,0,0,0,0,1,1,0,0,1,1,500 hz,,"Baleen Whales, Delphinid spp., Fish Chorus, Snapping Shrimp",Saturday
West Pimpernel,9/8/2018,20,0,,0,0,0,0,0,0,1,0,0,0,1,1,500 hz,LF baleen downsweep 20:13:45,"Baleen Whales, Fish Chorus, Snapping Shrimp",Saturday
West Pimpernel,9/8/2018,21,0,,0,0,0,0,0,0,1,0,0,0,1,1,500 hz,,"Baleen Whales, Fish Chorus, Snapping Shrimp",Saturday
West Pimpernel,9/8/2018,22,0,,0,0,0,0,0,0,1,1,0,0,0,1,,,"Baleen Whales, Delphinid spp., Snapping Shrimp",Saturday
West Pimpernel,9/8/2018,23,0,,0,0,0,0,0,0,1,0,0,0,0,1,,,"Baleen Whales, Snapping Shrimp",Saturday
West Pimpernel,9/9/2018,0,0,,0,0,0,0,0,0,1,0,0,0,0,1,,,"Baleen Whales, Snapping Shrimp",Sunday
West Pimpernel,9/9/2018,1,0,,0,0,0,0,0,0,1,1,0,0,0,1,,,"Baleen Whales, Delphinid spp., Snapping Shrimp",Sunday
West Pimpernel,9/9/2018,2,0,,0,0,0,0,0,0,1,0,0,0,0,1,,,"Baleen Whales, Snapping Shrimp",Sunday
West Pimpernel,9/9/2018,3,0,,0,0,0,0,0,0,1,0,0,0,0,1,,,"Baleen Whales, Snapping Shrimp",Sunday
West Pimpernel,9/9/2018,4,0,,0,0,0,0,0,0,1,0,0,0,0,1,,,"Baleen Whales, Snapping Shrimp",Sunday
West Pimpernel,9/9/2018,5,0,,0,0,0,0,0,0,1,0,0,0,1,1,1-2 khz,,"Baleen Whales, Fish Chorus, Snapping Shrimp",Sunday
West Pimpernel,9/9/2018,6,0,,0,0,0,0,0,0,1,0,0,0,0,1,,,"Baleen Whales, Snapping Shrimp",Sunday
West Pimpernel,9/9/2018,7,1,,0,1,0,0,0,1,1,1,0,0,0,1,,,"Baleen Whales, Delphinid spp., Snapping Shrimp",Sunday
West Pimpernel,9/9/2018,8,1,,0,1,0,0,0,1,1,0,0,0,0,1,,,"Baleen Whales, Snapping Shrimp",Sunday
West Pimpernel,9/9/2018,9,0,,0,0,0,0,0,0,1,0,0,0,0,1,,,"Baleen Whales, Snapping Shrimp",Sunday
West Pimpernel,9/9/2018,10,1,,0,1,0,0,0,1,1,0,0,0,0,1,,,"Baleen Whales, Snapping Shrimp",Sunday
West Pimpernel,9/9/2018,11,1,,0,1,0,0,0,2,1,0,0,0,0,1,,,"Baleen Whales, Snapping Shrimp",Sunday
West Pimpernel,9/9/2018,12,1,,0,2,0,0,0,2,1,0,0,0,0,1,,,"Baleen Whales, Snapping Shrimp",Sunday
West Pimpernel,9/9/2018,13,0,,0,0,0,0,0,0,1,0,0,0,0,1,,,"Baleen Whales, Snapping Shrimp",Sunday
West Pimpernel,9/9/2018,14,0,,0,0,0,0,0,0,1,0,0,0,0,1,,,"Baleen Whales, Snapping Shrimp",Sunday
West Pimpernel,9/9/2018,15,0,,0,0,0,0,0,0,1,0,0,0,0,1,,,"Baleen Whales, Snapping Shrimp",Sunday
West Pimpernel,9/9/2018,16,0,,0,0,0,0,0,0,1,0,0,0,1,1,500 hz,check 16:03 AM,"Baleen Whales, Fish Chorus, Snapping Shrimp",Sunday
West Pimpernel,9/9/2018,17,0,,0,0,0,0,0,0,1,0,0,0,1,1,"1-2 khz, 500 hz",,"Baleen Whales, Fish Chorus, Snapping Shrimp",Sunday
West Pimpernel,9/9/2018,18,0,,0,0,0,0,0,0,1,0,0,0,1,1,1 khz,,"Baleen Whales, Fish Chorus, Snapping Shrimp",Sunday
West Pimpernel,9/9/2018,19,0,,0,0,0,0,0,0,1,0,0,0,1,1,1 khz,,"Baleen Whales, Fish Chorus, Snapping Shrimp",Sunday
West Pimpernel,9/9/2018,20,0,,0,0,0,0,0,0,1,0,0,0,1,1,1 khz,,"Baleen Whales, Fish Chorus, Snapping Shrimp",Sunday
West Pimpernel,9/9/2018,21,0,,0,0,0,0,0,0,1,0,0,0,1,1,500 hz,,"Baleen Whales, Fish Chorus, Snapping Shrimp",Sunday
West Pimpernel,9/9/2018,22,0,,0,0,0,0,0,0,1,0,0,0,1,1,500 hz,,"Baleen Whales, Fish Chorus, Snapping Shrimp",Sunday
West Pimpernel,9/9/2018,23,0,,0,0,0,0,0,0,1,0,0,0,0,1,,,"Baleen Whales, Snapping Shrimp",Sunday
West Pimpernel,9/10/2018,0,0,,0,0,0,0,0,0,1,0,0,0,0,1,,,"Baleen Whales, Snapping Shrimp",Monday
West Pimpernel,9/10/2018,1,0,,0,0,0,0,0,0,1,0,0,0,0,1,,,"Baleen Whales, Snapping Shrimp",Monday
West Pimpernel,9/10/2018,2,0,,0,0,0,0,0,0,1,1,0,0,0,1,,,"Baleen Whales, Snapping Shrimp",Monday
West Pimpernel,9/10/2018,3,0,,0,0,0,0,0,0,1,0,0,0,0,1,,,"Baleen Whales, Snapping Shrimp",Monday
West Pimpernel,9/10/2018,4,0,,0,0,0,0,0,0,1,0,0,0,0,1,,,"Baleen Whales, Snapping Shrimp",Monday
West Pimpernel,9/10/2018,5,0,,0,0,0,0,0,0,1,0,0,0,1,1,1-2 khz,,"Baleen Whales, Fish Chorus, Snapping Shrimp",Monday
West Pimpernel,9/10/2018,6,0,,0,0,0,0,0,0,1,0,0,0,0,1,,,"Baleen Whales, Snapping Shrimp",Monday
West Pimpernel,9/10/2018,7,0,,0,0,0,0,0,0,1,1,0,0,0,1,,,"Baleen Whales, Delphinid spp., Snapping Shrimp",Monday
West Pimpernel,9/10/2018,8,1,,0,2,0,1,0,3,1,0,0,0,0,1,,,"Baleen Whales, Snapping Shrimp",Monday
West Pimpernel,9/10/2018,9,1,,0,1,0,0,0,1,1,0,0,0,0,1,,,"Baleen Whales, Snapping Shrimp",Monday
West Pimpernel,9/10/2018,10,1,,0,0,0,0,0,1,1,1,0,0,0,1,,,"Baleen Whales, Delphinid spp., Snapping Shrimp",Monday
West Pimpernel,9/10/2018,11,0,,0,0,0,0,0,0,1,0,0,0,0,1,,,"Baleen Whales, Snapping Shrimp",Monday
West Pimpernel,9/10/2018,12,0,,0,0,0,0,0,0,1,1,0,0,0,1,,,"Baleen Whales, Delphinid spp., Snapping Shrimp",Monday
West Pimpernel,9/10/2018,13,0,,0,0,0,0,0,0,1,0,1,0,0,1,,unk baleen pulses 13:15:29,"Baleen Whales, Snapping Shrimp",Monday
West Pimpernel,9/10/2018,14,0,,0,0,0,0,0,0,1,0,0,0,0,1,,,"Baleen Whales, Snapping Shrimp",Monday
West Pimpernel,9/10/2018,15,0,,0,0,0,0,0,0,1,1,0,0,0,1,,,"Baleen Whales, Delphinid spp., Snapping Shrimp",Monday
West Pimpernel,9/10/2018,16,0,,0,0,0,0,0,0,1,0,0,0,0,1,,,"Baleen Whales, Snapping Shrimp",Monday
West Pimpernel,9/10/2018,17,0,,0,0,0,0,0,0,1,0,0,0,1,1,"1-2 khz, 500 hz",,"Baleen Whales, Fish Chorus, Snapping Shrimp",Monday
West Pimpernel,9/10/2018,18,0,,0,0,0,0,0,0,1,0,0,0,1,1,1 khz,,"Baleen Whales, Fish Chorus, Snapping Shrimp",Monday
West Pimpernel,9/10/2018,19,0,,0,0,0,0,0,0,1,1,0,0,1,1,1 khz,,"Baleen Whales, Delphinid spp., Fish Chorus, Snapping Shrimp",Monday
West Pimpernel,9/10/2018,20,0,,0,0,0,0,0,0,1,1,0,0,1,1,1 khz,,"Baleen Whales, Delphinid spp., Fish Chorus, Snapping Shrimp",Monday
West Pimpernel,9/10/2018,21,0,,0,0,0,0,0,0,1,0,0,0,1,1,1 khz,unk baleen call 21:31:06,"Baleen Whales, Fish Chorus, Snapping Shrimp",Monday
West Pimpernel,9/10/2018,22,0,,0,0,0,0,0,0,1,0,0,0,1,1,500 hz,,"Baleen Whales, Fish Chorus, Snapping Shrimp",Monday
West Pimpernel,9/10/2018,23,0,,0,0,0,0,0,0,1,1,0,0,0,1,,,"Baleen Whales, Delphinid spp., Snapping Shrimp",Monday
West Pimpernel,9/11/2018,0,0,,0,0,0,0,0,0,1,1,0,0,0,1,,,"Baleen Whales, Delphinid spp., Snapping Shrimp",Tuesday
West Pimpernel,9/11/2018,1,0,,0,0,0,0,0,0,1,0,0,0,0,1,,,"Baleen Whales, Snapping Shrimp",Tuesday
West Pimpernel,9/11/2018,2,0,,0,0,0,0,0,0,1,1,0,0,0,1,,,"Baleen Whales, Delphinid spp., Snapping Shrimp",Tuesday
West Pimpernel,9/11/2018,3,0,,0,0,0,0,0,0,1,1,0,0,0,1,,,"Baleen Whales, Delphinid spp., Snapping Shrimp",Tuesday
West Pimpernel,9/11/2018,4,0,,0,0,0,0,0,0,1,0,0,0,0,1,,possible RW calls starting 04:29:09,"Baleen Whales, Snapping Shrimp",Tuesday
West Pimpernel,9/11/2018,5,0,,0,0,0,0,0,0,1,0,0,0,1,1,1-2 khz,,"Baleen Whales, Fish Chorus, Snapping Shrimp",Tuesday
West Pimpernel,9/11/2018,6,0,,0,0,0,0,0,0,1,0,0,0,0,1,,,"Baleen Whales, Snapping Shrimp",Tuesday
